simulation_id,duration,sampling_rate,num_channels,baseline_amplitude,noise_level,has_seizure,seizure_count,time_to_first_seizure,seizure_duration,seizure_amplitude,seizure_frequency
1,28.727005942368123,512,19,12.411785904453316,0.5766967868130947,0,,,,,
2,57.53571532049581,1024,5,19.85967791921739,1.3844499472998402,1,3.0,1790.1258433125267,17.007767492283573,138.87688789577822,10.705546832835363
3,46.59969709057025,256,9,39.053817755988575,1.442596752769548,0,,,,,
4,39.93292420985183,1024,31,28.372363677677182,1.2590140924510227,0,,,,,
5,17.800932022121827,1024,24,14.219657336782065,0.6945240490059316,0,,,,,
6,17.799726016810133,512,29,44.502353516841836,0.6150828821517249,0,,,,,
7,12.904180608409973,1024,28,44.581183472818815,1.235569737135136,0,,,,,
8,53.308807288746756,512,15,44.17602912707031,1.745581703862214,0,,,,,
9,40.05575058716044,128,8,15.745829512169268,1.8987940849544516,0,,,,,
10,45.40362888980228,128,5,25.305770488144464,0.3012210283671395,0,,,,,
11,11.029224714790121,512,19,49.32453452633938,0.3941743639356677,1,2.0,459.2290545458168,70.43306734497412,285.7177975095268,17.503988808382605
12,58.49549260809972,128,8,39.740561433949566,1.8949988916878513,0,,,,,
13,51.622132040021086,256,18,6.222533955150192,1.4994169338361059,0,,,,,
14,20.616955533913806,1024,15,7.934206606722142,1.7776882671765688,0,,,,,
15,19.09124836035503,256,7,25.876911956554974,0.485002004857152,0,,,,,
16,19.17022549267169,1024,18,45.914909263770205,1.2164131551078634,1,2.0,697.2741288025826,66.1201133224094,413.4858439415331,12.882457335325906
17,25.212112147976885,128,14,29.24158090787214,1.4321652293932,0,,,,,
18,36.23782158161189,256,19,27.40156286154306,1.392212582349248,0,,,,,
19,31.597250932105787,128,26,9.746316498048376,0.8754882126467264,0,,,,,
20,24.561457009902096,1024,9,34.555104712593234,0.1292502942134861,0,,,,,
21,40.59264473611897,512,17,41.99464222701015,1.2075595079280999,1,2.0,1084.6209430135543,57.665769666296576,175.17842073114832,4.341807535653009
22,16.97469303260209,512,21,22.118900337840305,0.5808929244412566,0,,,,,
23,24.60723242676091,256,15,39.902533291639735,0.9554830676714916,1,1.0,792.7669487512056,50.63077242267718,80.98694987839713,6.258412420114664
24,28.318092164684586,128,30,48.40144942553652,1.9194039286592528,0,,,,,
25,32.8034992108518,128,14,14.169490660746009,0.858167103520626,0,,,,,
26,49.25879806965068,256,16,28.54983340376336,1.6956230526624108,1,3.0,691.3858601495226,54.58920575939782,94.22842958558087,11.067253952695456
27,19.983689107917986,512,24,17.9212081138059,0.45822715092357713,0,,,,,
28,35.71172192068058,1024,26,40.67844885652277,1.3776749462475548,0,,,,,
29,39.620728443102124,256,14,30.99170146465209,1.9563132134339924,0,,,,,
30,12.322520635999886,1024,26,33.556208789763666,0.2935968916585799,0,,,,,
31,40.37724259507192,512,19,40.906137182715234,0.11580789023166482,0,,,,,
32,18.526206184364575,128,18,22.81867126981047,0.9238073060019673,0,,,,,
33,13.252579649263975,512,24,46.17905307831695,0.2759884177975977,0,,,,,
34,57.44427686266666,256,31,28.9862990260763,1.5219302643848396,0,,,,,
35,58.28160165372797,128,18,12.10796702759066,1.837642461312262,0,,,,,
36,50.419867405823055,256,28,36.31546031759611,0.9246398481466418,0,,,,,
37,25.230688458668535,256,7,40.69676076972145,0.5915521200953378,0,,,,,
38,14.883605700319194,512,14,19.2542754680387,0.9253663061125585,0,,,,,
39,44.211651325607846,256,22,43.573066564943886,1.4745508539150018,1,2.0,1282.9763159938113,70.46926242550146,208.9843753804464,9.145281546970805
40,32.007624686980066,512,18,45.77644646445949,0.11720290700270486,0,,,,,
41,16.10191174223894,128,7,17.460701932001403,1.2199625800209246,1,2.0,408.76608045329505,5.238799524009339,79.02310418846069,9.098359332283678
42,34.75884550556351,512,24,49.25846627218499,1.2652542012860202,0,,,,,
43,11.71942605576092,128,16,11.332018762194128,1.3116076691022773,0,,,,,
44,55.4660201039391,512,25,14.090705078112048,0.5598419519636667,0,,,,,
45,22.938999080000848,1024,22,13.290117765711177,1.4567001744184407,0,,,,,
46,43.1261142176991,1024,5,45.229536950354166,0.2736438240303752,0,,,,,
47,25.585553804470546,256,17,34.443164854623284,0.4786136392869215,0,,,,,
48,36.00340105889054,512,7,11.844692745002279,1.7671930886435157,0,,,,,
49,37.33551396716398,512,19,24.814553826575704,1.503573986380476,1,4.0,290.96657461386843,34.981509025278,206.72764967659884,11.997546618441033
50,19.242722776276352,128,24,32.68841112814109,0.126116552621556,0,,,,,
51,58.47923138822793,256,23,8.755883824522249,0.5719148947026204,0,,,,,
52,48.75664116805573,512,17,44.708736578330246,0.5073723176870126,1,3.0,613.0782679196569,64.60216787920177,332.83353354045454,12.934730667020776
53,56.97494707820945,256,30,41.16215909486908,0.6145320232702479,0,,,,,
54,54.74136752138244,1024,18,27.73430481094872,0.5703635635317842,0,,,,,
55,39.89499894055426,512,31,48.52069768666267,0.2187999619114069,0,,,,,
56,56.093711751155844,512,6,23.799244067379487,0.9719869815339586,1,2.0,827.882473491583,88.05485134746931,104.63219983428598,16.546646694695248
57,14.424625102595975,256,11,49.284964356642405,1.4921936020937137,1,4.0,644.516737183692,25.028019625470577,279.0490304213669,8.79643157886224
58,19.79914312095726,512,19,35.05639994616322,1.2527902769631292,0,,,,,
59,12.261364445526903,256,13,33.560207296427365,1.3784561703363516,0,,,,,
60,26.266516538163216,512,7,12.467970288310324,0.2541834392188544,1,4.0,336.64661636970953,67.89133498555479,34.467365128061296,16.692926811689976
61,29.4338644844741,128,21,44.68674912370898,1.9078323493358955,0,,,,,
62,23.567451588694794,256,5,24.237035956427682,1.693134484301747,0,,,,,
63,51.436875457596464,512,20,12.30050326021157,1.629671605141759,0,,,,,
64,27.837666334679465,1024,16,5.567338398909157,1.6636692295793583,0,,,,,
65,24.046725484369038,512,7,30.189005763727216,1.8721499654522464,0,,,,,
66,37.13480415791242,1024,29,28.732982995520434,1.1340825356160256,0,,,,,
67,17.046211248738132,1024,28,37.370913006612135,0.4805358339484892,0,,,,,
68,50.109849037701984,128,14,45.0616123858011,1.2718888549198282,0,,,,,
69,13.727532183988542,256,10,8.573296308936328,1.511474837969084,1,1.0,233.2344051098335,87.1628636468649,78.74719741995631,8.756390894914754
70,59.34434683002586,512,15,37.917342065316305,1.5020430473726483,0,,,,,
71,48.61223846483287,128,13,13.4335374843912,1.090753145917072,0,,,,,
72,19.93578407670862,512,10,43.61796739207238,0.2300715667337983,0,,,,,
73,10.27610585618012,1024,16,41.85785812377453,0.8051145830172428,0,,,,,
74,50.77307142274171,256,10,29.335718974349497,1.8494565560803788,0,,,,,
75,45.34286719238086,512,27,36.960925938049016,1.2104529285391095,0,,,,,
76,46.45035840204937,512,20,19.14575509326868,1.1228306921858555,1,4.0,861.3570747513364,56.13218066009904,181.56682696298122,3.942360812000975
77,48.56351733429729,1024,13,26.202555451976657,0.6108216773261677,1,2.0,1567.3921713343775,8.114330372055871,257.79196264684776,12.42119006708145
78,13.702232586704518,512,13,41.973660396971226,0.8000529478414999,0,,,,,
79,27.92328642721363,512,27,25.666933872794626,1.8011575693910216,0,,,,,
80,15.793452976256486,1024,7,21.10092193964488,1.3662797903009878,0,,,,,
81,53.155171293779674,128,23,27.239560126263495,1.5960353508294323,1,1.0,354.58483270884494,56.66583822354822,243.75109670874448,12.994339523211847
82,41.16490634137789,1024,7,42.271216359674824,0.9632563038285447,1,1.0,1887.6784229517555,39.09116209057761,143.3707392947756,18.887184175571623
83,26.54490124263246,128,25,20.08436213168927,1.2974697169667,0,,,,,
84,13.177917514301182,256,10,12.81927169110847,0.5719288566120942,0,,,,,
85,25.549116085783112,128,25,37.040630914885135,1.4403755775386238,1,2.0,1069.565546764589,111.90970488565276,87.77043690046807,15.343042543062065
86,26.259166101337353,128,4,42.16901957186368,0.9124425340363409,0,,,,,
87,46.480308916903205,256,15,9.528686533559,0.9408364781480165,0,,,,,
88,41.87787356776066,128,27,15.794335074017512,1.3337124166960752,0,,,,,
89,54.36063712881633,1024,16,11.388739539244725,1.8789331807909606,0,,,,,
90,33.610746258097464,128,13,20.6573635211975,0.22161205855637975,1,3.0,956.5988579874287,19.330539353007648,137.09824939327518,18.602135092405472
91,15.979712296915086,256,18,25.26579405074357,1.6670121509593143,1,4.0,536.5624254909987,80.0347348833317,234.99311337270288,18.441902574131163
92,45.66223936114975,1024,30,38.69718516334879,0.6555279097831669,0,,,,,
93,48.03925243084487,256,16,34.30164131967533,0.9434469635621178,0,,,,,
94,38.06385987847481,256,26,32.9417855365294,0.14163532467251702,0,,,,,
95,48.54835899772805,512,25,20.85687259743445,0.6719875478851948,0,,,,,
96,34.689779818219534,512,25,42.8651398888142,1.054999360997248,0,,,,,
97,36.1366414690997,256,24,26.207922532917404,0.20673454696013413,0,,,,,
98,31.37705091792748,256,25,49.059722210681954,1.0330818858280137,0,,,,,
99,11.27095633720476,256,31,33.53639622330816,1.8615101948310118,0,,,,,
100,15.394571349665222,512,12,10.681913370402624,0.30024711440482993,0,,,,,
101,11.571459284336713,512,29,35.42799029339453,1.5524373833434582,0,,,,,
102,41.82052056318902,128,12,19.629680694426455,0.878375001414386,0,,,,,
103,25.717799053816332,128,18,35.88472385087439,1.3448300575962422,0,,,,,
104,35.428534558235135,256,13,8.133851667308258,0.5944495361719357,1,1.0,87.33266362449211,11.062773128467633,27.80810068450043,13.277759874390117
105,55.37832369630465,1024,27,12.869664672918173,0.40303529882858075,0,,,,,
106,22.46461145744375,1024,29,43.50817665076038,0.4048789671153302,0,,,,,
107,30.519146151781488,512,28,15.22308006605817,0.23393469672197484,1,3.0,536.1899600187114,56.309600348460094,31.303878957890127,11.971955110719609
108,47.77755692715243,512,13,42.6668506359323,0.45272873931236174,1,2.0,1836.966080485031,68.70764103030928,360.27753714299917,12.4764964417812
109,21.43990827458112,512,11,17.56742398044847,1.3620168314790397,0,,,,,
110,13.84899549143965,256,27,33.92968595264185,1.7752121625026653,1,4.0,106.85796659873311,39.264817101439526,88.70459950822062,19.631623730513212
111,24.487572645688402,1024,19,36.236775807942394,1.6468388026232075,0,,,,,
112,18.061064362700222,128,20,28.06946389152738,1.4017551887615198,0,,,,,
113,56.484882617128655,256,29,18.73898045135291,0.3098205404810951,0,,,,,
114,50.40601897822085,128,30,14.568996936699325,0.6494561479623047,0,,,,,
115,41.670187825521175,128,8,6.4935209553091795,0.688633063112691,0,,,,,
116,53.57302950938588,256,7,18.677588055832572,0.5749181981554803,0,,,,,
117,50.18360384495573,128,21,34.39232557390773,1.078510753448474,0,,,,,
118,19.328502944301793,1024,27,47.22371683018172,1.1175522482713778,0,,,,,
119,54.627949924498886,128,22,44.20420170183734,0.7780833528251093,0,,,,,
120,36.96711209578254,1024,7,39.472914944088615,0.7721994015992284,0,,,,,
121,50.372007758203125,1024,31,40.48013044639844,1.6742556360215546,0,,,,,
122,54.80456499617466,1024,10,34.92432065641979,1.5996564118074026,1,4.0,785.72134001075,57.33369808484421,185.4358582402071,16.1438507596983
123,25.900173748593193,512,13,16.712908590470136,0.6848120801934167,1,1.0,752.5280886211823,23.808686370971547,124.19527325825099,4.80652038147073
124,15.502596226383838,128,28,45.82377638176234,1.8361980433591927,1,4.0,235.41846484692445,39.97424268882416,178.45522959300675,16.233282915283798
125,21.396758127097083,256,21,35.182954035762535,1.9103485323047613,0,,,,,
126,31.355389431312815,256,22,30.219828394119798,0.7208108298570776,1,4.0,1409.6529903306896,76.42722736467334,80.73833085936342,5.89914683126984
127,50.90073829612466,128,7,9.994526114606648,0.7734074027068042,0,,,,,
128,53.036529162817175,512,13,25.117499471289143,1.0607048915017216,0,,,,,
129,10.347606526559535,512,4,25.716122204086684,1.8881295438139796,0,,,,,
130,35.537365128878285,1024,26,43.90536242852015,1.7650069229703917,0,,,,,
131,30.87055015743895,128,21,29.59916990845048,0.2948791289088206,0,,,,,
132,21.105390523536514,128,8,22.118024703668436,0.8461884122156907,0,,,,,
133,15.99326836668414,256,18,48.95601478297967,1.1514052605245664,1,4.0,152.74716315445585,39.70700642403283,399.4893947138931,10.604959333095636
134,26.8807585701814,128,20,9.982426699684206,1.055951697847926,0,,,,,
135,57.14548519562596,512,6,24.01467927403751,0.4683398290800961,0,,,,,
136,26.160146601037763,128,15,6.891110382713238,1.7317518652194939,1,4.0,1013.4340970075108,108.47045401702024,48.52306932856478,6.5778144270010825
137,35.939531087168305,256,5,38.29568543451187,1.386187487693991,0,,,,,
138,45.15094794475889,1024,4,46.31344484896178,1.6920259122184267,0,,,,,
139,28.1814801189647,256,26,17.601679829772024,1.7316521307639972,0,,,,,
140,58.589104136048036,256,24,43.62537545596044,1.5218761219649055,0,,,,,
141,58.122364747105564,1024,20,18.1498203707854,0.9345001423744629,0,,,,,
142,22.58911479126821,256,25,45.98465727397618,1.2600388345293065,0,,,,,
143,34.86242529461927,256,19,38.92828566185528,0.404694271627512,0,,,,,
144,25.043915490838483,128,8,41.220804957864736,1.3799262932023246,0,,,,,
145,24.24202471887338,128,18,5.810295002020452,0.4405811859046334,0,,,,,
146,11.84434736772664,1024,6,48.326466068331165,1.4185042219692978,0,,,,,
147,40.47821669899484,128,31,37.700194643164544,0.5362365054325404,0,,,,,
148,35.13395116144307,128,10,18.713799292376,0.32334747028541794,1,2.0,886.1428161156304,77.26680012871383,185.4148988176286,14.722912114064906
149,12.573937562499468,256,14,42.32275991864811,0.4140405312716191,0,,,,,
150,23.93232321183057,512,13,17.66845392867185,0.10378505691623352,0,,,,,
151,55.41329429833269,128,12,44.27392278047576,1.4656052739217074,0,,,,,
152,21.97809453334862,512,17,10.066117568537166,1.4915619932109203,0,,,,,
153,17.244743604561155,128,16,36.665868985735806,1.078373364835193,0,,,,,
154,34.472638013878154,128,28,29.331431449020965,0.406589322005229,0,,,,,
155,59.282522705530035,1024,28,9.344051158794837,0.2587532412703105,1,3.0,2150.092213652619,55.44463712013822,44.42595733939557,17.914265515281606
156,22.102763575575022,1024,5,15.885222271647754,0.13634503623084532,1,2.0,371.00511746811776,9.457047588730983,39.61931841727304,7.936152051233576
157,43.606777370293926,1024,6,5.558181632479165,0.4149215362339193,0,,,,,
158,48.08098076643588,512,10,26.094558445902763,1.7926255164679787,1,2.0,1216.514528179504,62.44805854853719,205.4894362262666,4.39418260053919
159,21.881877199619982,256,24,18.55693673420002,0.5589199992331954,0,,,,,
160,46.41081743059298,128,21,31.926086793399147,0.7731155217127097,0,,,,,
161,28.38915663596266,128,6,18.375701346887773,0.30015642051453306,0,,,,,
162,41.61529152967898,128,13,18.49636001781431,0.5224864790215236,0,,,,,
163,41.67648553804474,512,25,38.44369394292215,1.0865266844823898,1,1.0,1722.6644099553357,92.94926784438526,237.34626687935298,8.074382667274376
164,36.788734203737924,1024,10,7.166427619025905,1.2547300978817397,0,,,,,
165,14.514488502720415,256,12,45.63027478363943,0.566169396915801,0,,,,,
166,51.7651247794619,512,20,43.351874347603164,0.2096911025277227,1,4.0,1192.051460832077,35.53912377142757,160.64606904718065,14.430151584847305
167,26.03900324858679,1024,14,35.05121074518829,0.8429624513420574,0,,,,,
168,19.325925519992712,512,10,31.694970654832293,0.5449864047600349,0,,,,,
169,12.038757077738197,256,27,45.15361241628435,0.5171524541366237,0,,,,,
170,39.544647159412094,1024,31,13.33985807879215,1.923739325155565,1,2.0,721.2165690281385,97.77896050960824,110.10494631279357,8.588922168425649
171,43.87821809211412,512,17,8.553612298587288,1.2709709232588757,1,4.0,1157.0567393492793,33.95777809585137,31.04998803454023,7.7279068484146585
172,10.829391446392808,256,22,15.777957645929215,1.1580690420269821,0,,,,,
173,35.60465291496405,128,7,40.756022541508564,0.8899726966943117,0,,,,,
174,21.324788759896897,256,29,6.560162002691749,0.914994233517274,0,,,,,
175,42.25863952047249,128,9,31.226307578757034,1.1277195072923536,1,2.0,1472.067386144741,99.73083461434206,127.56862321992269,6.135398239932504
176,18.718321450249572,512,13,49.79468822860895,1.4232166333686036,0,,,,,
177,44.546886905123294,1024,10,43.50632422268927,1.434077582745476,0,,,,,
178,29.33676731502687,1024,16,28.465056006961525,0.42621842464035414,1,2.0,657.9965027755833,14.805859285342901,78.00075587225781,11.45777925686537
179,56.836499436836725,512,17,7.863840917898905,1.0502142289455911,0,,,,,
180,16.876047207299663,1024,7,42.41180814735694,0.8827203805647937,0,,,,,
181,27.053317552512926,1024,11,31.954032867974476,1.75400123591183,0,,,,,
182,15.673676062029454,128,8,10.171984867680507,1.299695950314915,1,1.0,710.0187528744109,104.6111265199384,52.84812251908093,7.691130078672189
183,56.23468091392814,512,4,9.223577817051028,1.1117577261903653,0,,,,,
184,53.86696766904905,256,7,45.93320687464666,0.319249820139943,0,,,,,
185,22.89708138575778,128,6,35.11401183221353,1.2507119897144816,0,,,,,
186,42.999202301708955,512,12,42.317905969254,0.3226874207924435,0,,,,,
187,50.86111001006079,128,11,44.55405051270203,0.740692493574929,0,,,,,
188,37.760040579973115,256,4,30.729755842174498,0.3713997331472305,0,,,,,
189,36.48252891780032,256,30,28.285085828976857,1.414939929346301,1,3.0,558.8009891883006,62.40644185733301,151.3657641006462,15.427175935371213
190,22.092614545022585,512,9,24.36923346444456,0.49187901628868996,0,,,,,
191,14.65513839029496,256,12,19.262596450600366,0.8445328090572494,0,,,,,
192,54.860787897666334,128,10,24.55681823864203,1.8017820774756794,0,,,,,
193,55.02090285816652,256,7,39.82458450785704,0.48820112845804353,0,,,,,
194,41.6550728636634,128,16,32.08655439568092,1.0648296215216804,1,3.0,982.1347992616066,39.10182280633013,196.25722779895895,4.302580833867446
195,26.951489552435035,128,20,45.16354804796807,0.8966161562154418,0,,,,,
196,27.460478730633046,256,31,24.952100647063446,0.1344356779868865,0,,,,,
197,46.297783943511966,512,5,32.31903104234393,1.6062404157883443,0,,,,,
198,54.85551299762886,1024,31,33.40883988913949,0.23118722199773947,0,,,,,
199,54.354321213255865,256,8,31.62637230378465,1.0010845398562118,0,,,,,
200,48.99377729288119,128,15,36.61851978884823,1.1652887603840048,0,,,,,
201,42.10158230771439,128,30,15.684506076866283,1.2940102675677154,1,2.0,1544.2412436754798,35.48802379774211,120.32704700160407,14.288561562892399
202,14.206998249752441,256,24,28.05636998956058,1.4084000956849636,1,1.0,488.5891566442096,54.6812142769917,259.4879632026609,7.038520247652087
203,18.081435704730687,512,11,9.690116126375646,0.5812175286931587,0,,,,,
204,54.927709426353964,512,9,22.303009744016563,0.11895967565105381,1,4.0,2285.1971260952946,119.89069228191917,69.18109908465821,11.317747437877253
205,40.321452982979494,128,11,26.9450180879569,1.4745429584743326,0,,,,,
206,10.459852580831482,128,21,34.35009167954626,1.1177475387603992,0,,,,,
207,15.073577143301605,512,6,47.77389736637916,1.6886236360937725,0,,,,,
208,43.17508845540279,1024,25,32.029297994676014,1.660637889511319,0,,,,,
209,10.253079192310935,256,15,38.46172622794519,1.7023197187969779,0,,,,,
210,18.04040257087493,128,29,27.781972677284124,1.0216798539611263,0,,,,,
211,37.436689468329305,128,6,33.53468141193491,0.7338939520900447,0,,,,,
212,44.59475988463466,512,25,8.191949726019804,1.603960584923603,0,,,,,
213,42.59806297513003,256,9,16.447621137883115,0.9574588147555844,0,,,,,
214,21.213465473027988,512,5,21.28338919423124,0.44854017316652556,1,4.0,1015.1887517627824,30.337650245321996,51.82047222142908,7.86352867453143
215,45.6089610673768,256,26,26.262200975293112,1.7244506371668011,0,,,,,
216,21.862454374840002,256,15,7.054193547607268,1.7768637658674598,0,,,,,
217,26.269984907963387,256,5,11.301084389899296,0.9859885366663231,0,,,,,
218,47.32457025590121,128,9,17.45664385060876,0.24382948188859618,0,,,,,
219,42.48164495236073,1024,20,48.71897109054728,0.8368695708421693,1,2.0,904.8034107761853,16.869914621084956,104.66052325113057,15.287067492183526
220,52.4611705247089,512,6,19.910615319637284,1.6267215529789463,0,,,,,
221,42.88064461501717,1024,5,26.691847615043713,1.8133706542378345,0,,,,,
222,38.41543016677358,512,26,13.824397073227683,0.4865982107454321,1,3.0,258.2865725069819,72.27904440264612,43.53262581547512,19.070219684277824
223,14.683738391404624,256,23,32.48510319840957,0.2272498628480159,0,,,,,
224,28.385790152971676,128,11,17.630744698218844,1.7669658609523933,0,,,,,
225,23.260118384086272,1024,25,14.314666029729205,0.839869384059863,0,,,,,
226,22.19948216895418,128,15,28.245768280069058,1.1293458321083703,1,1.0,90.58545372669892,61.18238364062957,205.16584628316528,18.590305250986827
227,58.65052773762228,512,29,5.247760962218937,1.939325042896442,0,,,,,
228,29.65488623333802,128,7,5.34488146921514,0.22647298303702343,0,,,,,
229,54.602327758855665,128,8,14.8580964095836,1.3318042141589814,0,,,,,
230,41.556931299863145,1024,16,6.652461312536952,0.24080030289224744,0,,,,,
231,49.74056517708242,256,18,9.861158935881113,0.8133909640863507,0,,,,,
232,35.13185465525961,128,28,20.24872922024382,1.6272476358675487,0,,,,,
233,38.845194231317954,256,26,41.116355581091575,0.9235972422357054,0,,,,,
234,34.625884690943195,512,19,30.742188951618537,1.9946464724156057,1,3.0,1224.487670583867,65.28257117228034,240.39828022115415,12.918245657449548
235,19.762149389902223,128,13,28.07004766803874,1.162212641398544,1,4.0,836.6338393000245,81.69757301907997,232.75811829543116,10.864375155368633
236,46.12260576307526,1024,28,18.206997044365473,0.7102080900083116,0,,,,,
237,24.03861812204279,512,26,46.92891737447674,0.518211519219031,1,3.0,301.4272721191635,35.72156803512467,185.3535350684764,16.91110866046949
238,11.215798321572692,512,19,22.865676855673627,0.7659890151437074,0,,,,,
239,42.27361479535839,1024,15,8.919174505809718,0.8078132201431465,0,,,,,
240,18.855533970352447,128,20,32.767993225301055,0.23055598767552585,0,,,,,
241,57.02292921764572,128,19,10.122727706447064,0.802190978910869,1,4.0,484.18133581764107,109.72647446914718,45.01737462458083,14.616548164671409
242,57.696428850129365,512,15,20.535041426076145,0.9820531875045273,1,1.0,228.54025310019367,55.10228760406339,120.43960254063346,6.120589941687859
243,55.743219511022424,128,11,27.8335372423014,1.4732017292537287,0,,,,,
244,28.50793501277222,256,23,44.34001361083291,1.347786020971055,1,1.0,1136.408773199301,19.844912441383105,111.09234221972196,16.955626631421005
245,10.772830826443371,1024,6,27.20959611530534,1.446654744935393,0,,,,,
246,56.415928129386266,256,19,36.60164447142489,0.1158909955660285,1,2.0,884.5283384113527,90.36435702440359,252.15356697727452,10.291034619710073
247,31.409207415865716,128,16,49.67675775495817,0.5135680592030185,1,2.0,641.5132755384416,78.95700055105279,490.3036512137262,6.212756219509977
248,58.33274095218348,512,26,10.917010395409173,1.3572001479597273,0,,,,,
249,58.18099885446264,1024,31,17.36291864837838,1.0195797995415194,1,3.0,1433.8593879651705,41.31049128566426,84.84304235497865,7.790554956740372
250,52.650472773368,128,22,22.755923401894087,0.1100956037698573,0,,,,,
251,24.722444603479286,128,11,23.98226803424741,1.6285398206204624,0,,,,,
252,29.254886430096263,512,25,23.49594838694956,1.568338189251641,0,,,,,
253,52.556833575842845,512,8,45.84249511504497,1.141996409687769,0,,,,,
254,25.846100257813884,256,23,37.13146900100854,0.22628031897491702,1,1.0,1051.0692436974832,76.47465326391558,297.89759947276326,7.547959514221819
255,18.474637334304624,1024,11,32.35573463408167,1.5563785941119108,0,,,,,
256,37.840063122917506,1024,27,18.921772303825193,1.2090558166895915,0,,,,,
257,56.80773870803905,512,15,42.07056728995826,1.5857239566001224,1,1.0,1795.6234591691648,30.284124982432342,252.43481851777653,11.826518568258821
258,44.80148983374865,256,4,47.977723016824505,1.5283192855520968,1,2.0,1345.7750867688405,56.1565263241609,145.0124161695844,6.984291541523883
259,38.50305850446825,1024,28,41.953922714760196,1.6257039367198904,0,,,,,
260,14.858824688538427,512,24,5.0704297336162805,1.084215326168787,1,4.0,174.75315892643465,108.4324400492424,33.75841204670073,5.100630285826795
261,40.750361334958484,128,23,33.638061658253314,0.3666165845676785,0,,,,,
262,59.50269250521316,1024,9,7.301092164894532,1.3751991994214083,1,3.0,1494.945262010705,20.356436813486184,32.11746170411261,5.102744460433932
263,17.0042007618262,256,25,16.592324915017482,1.2789001915987441,0,,,,,
264,35.91648261818683,256,21,7.678611515649726,1.5102810556782655,0,,,,,
265,53.86865359639777,256,11,32.170795382722446,0.4227739114963971,0,,,,,
266,47.03843088771022,128,10,35.8965461071673,0.4704528798105495,0,,,,,
267,44.8507870497634,1024,4,10.15194371296573,1.791778082716724,0,,,,,
268,45.12420419935546,1024,24,22.27274973702408,1.5249578170589344,0,,,,,
269,27.97455756098776,128,19,25.53064290299939,1.8256341285306135,0,,,,,
270,24.67959221322467,1024,15,21.607385979241247,1.5415591102114492,1,3.0,864.5321044597326,49.47009174855813,49.16167919030784,12.915695351364642
271,50.46805777392568,128,9,10.446125021833687,1.2345950813815736,0,,,,,
272,50.50566973395904,128,23,23.852650558436395,1.34285220035296,0,,,,,
273,53.35361592900519,128,5,38.803012151378816,1.7893430554860188,0,,,,,
274,55.66202762782356,256,17,8.195344903996496,1.199732833572687,0,,,,,
275,35.56711994304689,1024,7,8.608100633685655,1.301543516223936,1,2.0,1663.1765020239895,99.43137884283993,60.94051336475061,15.490907910439436
276,35.07581473435998,128,4,20.96470813261929,0.39730576040684107,1,1.0,387.01116008553953,116.49145343171048,185.98754433930185,8.466061150251793
277,49.91475894833876,1024,26,47.37765702285163,1.000450318220595,0,,,,,
278,42.49819653888826,256,21,35.08576910253113,1.461154512720388,0,,,,,
279,45.098343862885166,128,16,35.540148050265415,0.6147911268010943,1,2.0,80.08609089104034,57.20150568850653,169.10564457154703,3.58906206683829
280,49.789633471805054,512,5,21.286399587703922,0.48428294299661634,0,,,,,
281,54.50026709087832,256,12,31.71473560438423,0.6962709356263895,1,2.0,252.47142966933853,63.304956316484954,162.4544319081403,5.162823077929183
282,26.89975784257679,512,24,5.455903281248452,0.5588511931863835,0,,,,,
283,28.7791476319972,1024,5,33.6243220884294,0.508334010369152,1,2.0,556.6511040885501,70.79977560513352,306.9286446237704,18.54980752572997
284,14.69909699204345,1024,30,46.09791264093065,0.9072166014493651,0,,,,,
285,38.914007049808696,256,28,32.56580607551686,1.8248931763787146,0,,,,,
286,11.797113689837104,1024,12,44.316436705985524,1.0634133288035648,1,2.0,475.4101289934848,112.22003628787674,377.0828212601824,11.3902422130207
287,33.279900906623006,512,4,37.57878749597422,0.45704872354911374,0,,,,,
288,37.13223173537883,128,14,10.42512873816606,0.24624617182366074,0,,,,,
289,24.32706260641422,128,6,45.61039882786288,1.4226966757620578,0,,,,,
290,39.541663028450536,128,23,7.98997299600987,0.8273176524291368,0,,,,,
291,11.52501249695247,256,26,29.02853626464937,1.6614787985121826,0,,,,,
292,11.86740943746072,1024,29,11.396170570705594,1.3530704604174633,0,,,,,
293,51.13002803298291,512,7,5.526797482890683,1.6128587560286,0,,,,,
294,28.009532070563143,1024,21,23.991541705743757,0.6166974748950526,0,,,,,
295,16.35302563259424,1024,26,18.27683184443703,1.4154819526760103,1,4.0,65.17761811276267,103.69378096235843,141.09024395096438,10.71073776345797
296,36.11216300274022,1024,9,26.870022220892135,0.6017177709180657,0,,,,,
297,48.499677654930544,128,6,30.973994903054788,1.884230110955554,0,,,,,
298,20.79105137484216,512,25,6.968258253902631,1.3091111349134112,0,,,,,
299,41.14452379095001,512,14,10.535148280568553,0.7165724203331499,0,,,,,
300,14.2673732496884,1024,18,30.13890784026914,0.612072538355318,0,,,,,
301,12.584086058430385,128,25,20.44253089276962,0.46276051163612264,0,,,,,
302,36.5677315784074,128,31,37.81280693972516,1.4198178218980828,0,,,,,
303,37.031756080505325,512,8,34.35312418663729,0.5155596646960618,0,,,,,
304,41.87149507491033,128,23,43.052196334545805,1.231076205262229,0,,,,,
305,46.30456668613308,128,13,36.16217720011514,0.6028065511581789,0,,,,,
306,58.79260397312673,128,15,24.346898482556664,1.3577409951083503,0,,,,,
307,35.81501741505976,256,18,35.28349800774946,1.6483854842270245,0,,,,,
308,26.1478236470623,1024,20,17.392152841493832,1.5782479619748409,0,,,,,
309,49.759309738435185,512,13,18.784107445019572,1.5456175287684852,0,,,,,
310,23.541612563103712,512,9,40.5043321964357,0.4566725708152789,1,4.0,548.7005482717346,24.6191293314891,161.62753575091375,3.6468360312715458
311,31.948571035281805,256,21,25.0888782380712,0.26793139927058557,0,,,,,
312,13.922819067113299,1024,16,40.927115323325864,1.4280027741260326,0,,,,,
313,11.267537170772876,512,6,42.00900681507253,0.7998597062092675,0,,,,,
314,58.132420733896254,128,27,43.59030519475777,0.9214578301663598,0,,,,,
315,51.79900602561029,512,13,46.24858561285433,0.15918327630744303,0,,,,,
316,44.798710304684896,128,17,24.39433492309833,0.5931952536225934,0,,,,,
317,30.447647220713495,256,9,19.349006824451248,0.16398516736148164,1,1.0,521.4124493278301,55.22714905241363,179.59231979833285,15.386829379387285
318,18.66471600354229,128,6,31.198943596735123,1.7704529679423704,0,,,,,
319,17.8218521335543,512,19,21.702759054693242,0.5624536981152078,1,2.0,101.74651869545994,58.36004924258902,70.21550195035826,11.97715737584534
320,22.512144908229768,512,10,32.04833750601048,1.1589406221887153,0,,,,,
321,37.46133323530602,512,23,36.75136381897211,0.17406070925614778,0,,,,,
322,45.72979613500312,256,17,35.97822583214616,1.3670100434807502,0,,,,,
323,43.009868835886564,256,12,21.85487991590546,0.7137519569327783,0,,,,,
324,23.996694847297142,1024,18,12.508709076443877,1.806046455219565,0,,,,,
325,57.743264033159704,512,24,24.37382023079934,1.787424558974668,0,,,,,
326,46.89484583478843,128,6,11.416736483685893,0.7180521748873208,0,,,,,
327,37.717702625570034,256,5,45.054366583271374,1.8118257018118888,1,4.0,848.1159846536597,95.74605283960702,316.0187231298301,6.435375913470853
328,40.58603731171761,512,30,20.564485733203583,1.9926995796476796,1,1.0,540.9986235316321,74.33268149962505,45.8672231979936,4.871253923077973
329,30.980003121389494,512,5,11.95068862504957,1.6682897618355013,0,,,,,
330,22.386549475057873,256,6,6.14514919575879,1.705255560734935,0,,,,,
331,27.798633932563078,1024,21,34.06200738289179,0.5731165986072708,0,,,,,
332,47.892305523218454,256,17,33.66060428546344,1.195734557829737,0,,,,,
333,10.719674431487793,256,23,20.327187496158125,0.22778623653799893,0,,,,,
334,15.803632025345811,128,21,8.227034998144296,0.28034407996117244,0,,,,,
335,12.300132101087637,128,13,23.43330027028544,1.997895962863252,0,,,,,
336,12.036440115948507,1024,28,19.00478727785271,0.7206145739092308,0,,,,,
337,52.77302920055036,512,5,35.470428788075424,1.521549432892808,1,2.0,930.2482845739988,80.23535313333649,253.6049979739324,9.517593681743975
338,45.18289296900118,256,28,32.26006622537106,1.6326636007509512,0,,,,,
339,33.70869145436626,1024,25,21.4067177688893,1.7302442149137354,1,3.0,1159.3607742466547,119.79298938154602,90.2754429121367,17.231753391315436
340,14.891708032550074,128,4,14.805164941474555,1.9954937650640974,0,,,,,
341,34.58079375584162,256,7,49.461618477001636,0.5588433219880489,0,,,,,
342,33.67358853902829,512,17,25.430072953825167,0.17666657103342945,0,,,,,
343,18.66009349550076,128,4,35.97234061011067,0.8812638841897134,0,,,,,
344,31.692582461898652,128,17,11.324883541026235,0.3471532726749992,0,,,,,
345,29.92523671986867,128,19,26.851536484672902,0.14260918940790474,0,,,,,
346,40.79250490261082,1024,25,6.239152394125947,0.7848109715688236,0,,,,,
347,41.75468254338219,512,17,27.745480305970247,1.589102677042949,0,,,,,
348,12.265200488602225,256,23,48.38078332029661,1.1757433133276345,0,,,,,
349,28.73063073132356,1024,6,22.28930208436101,0.6942781794996726,0,,,,,
350,41.29299578571182,1024,6,6.754820565871022,1.3432498104361674,0,,,,,
351,35.15681292900439,1024,12,6.393010591370459,0.5408345425867404,0,,,,,
352,52.824492059416116,128,9,22.45940419760913,0.12732474753696155,0,,,,,
353,42.93468158094725,512,28,12.201122140843733,1.5522714342292119,0,,,,,
354,18.146721354071484,1024,16,6.050844334768366,1.2851118612416172,1,4.0,483.00007906010075,13.620404999051502,33.869091788479736,17.710007506417416
355,13.528437370021493,256,24,39.029612627757956,1.548374986551824,0,,,,,
356,42.12096391031578,512,5,25.63353539968508,0.17398223170656466,1,1.0,304.5341074501883,30.646129706379295,122.06987973865722,13.24838846672582
357,11.32556552708109,256,11,18.016014738769453,1.690527292878239,0,,,,,
358,39.28877906367317,512,24,45.50374323574163,1.2770997800689763,0,,,,,
359,57.01151207124788,256,5,10.226253209023653,1.1704511663540162,0,,,,,
360,38.773708893793945,128,7,48.01634730298937,1.28676669141761,0,,,,,
361,29.408496310326097,1024,28,19.12850228198088,1.7424231690498917,0,,,,,
362,42.16441092211766,256,18,44.97816525389066,1.2151793624619234,1,3.0,1948.1140595228003,51.908032797727884,152.1185859571264,15.368119262912426
363,32.91264452457583,512,7,32.132429441575766,1.2038057217875406,0,,,,,
364,37.280839465796745,1024,16,42.20183118836694,1.982290398424955,0,,,,,
365,57.07324043882626,1024,31,49.28059234447089,1.5377873174302792,0,,,,,
366,29.305131890038712,512,15,17.978244701843558,0.940358230357157,1,2.0,916.3468993095464,44.994976350622025,125.41347215691641,4.957648385848796
367,58.05952819119571,256,31,48.251096843341685,1.4440543000625625,0,,,,,
368,55.26753209780318,128,16,22.526685270608915,0.8395378962143981,0,,,,,
369,19.78955673946482,128,17,22.348035713161504,0.5348633787186481,0,,,,,
370,13.468065043758273,256,23,20.317419691452756,1.2340185660867429,1,2.0,509.1566515058669,7.489239554903112,183.99057947405555,12.998143112953532
371,15.038900068871332,1024,21,29.363342330641334,1.8635459864165078,1,2.0,112.4285860610851,15.554424744185221,284.0220361017784,14.33841695928209
372,10.911091282577486,1024,31,11.93652694303192,1.865365088029379,0,,,,,
373,14.72214803779642,1024,9,29.917016841110502,0.7496200284004316,1,4.0,90.4309178162003,83.30962851141126,105.86946876863728,6.412118329534468
374,44.150338670817845,1024,14,29.37671655845018,1.1025871858212204,1,1.0,100.04774146933468,106.12231328669448,227.34588632007708,17.9626304594744
375,13.55943242301145,256,5,39.28558156721915,0.5021082072827363,0,,,,,
376,25.948781514688065,1024,31,42.51424828719135,1.9916991080478785,0,,,,,
377,52.24376554847273,512,26,24.819860764059083,1.964124024949078,0,,,,,
378,11.163596786791294,1024,22,18.60499622081722,1.3340669664441498,1,3.0,149.83813762080987,64.13610629558742,136.09024368194503,6.314944537857336
379,50.72342412944679,128,22,16.67007037926925,1.6283867133871994,0,,,,,
380,24.092738738669997,1024,8,13.758072651719237,1.45869030643903,1,1.0,514.3786924893327,67.0069741440678,65.30987791106831,8.329115117389657
381,15.908241381082814,256,22,7.59414119895612,1.2270006161749896,0,,,,,
382,44.836858268207536,128,5,20.4101590475621,0.20136119427890561,1,4.0,2017.9066099350491,34.33574477572363,43.938859667049314,13.549466399398796
383,41.4471423389942,256,13,17.161146145885247,0.964052250850056,0,,,,,
384,53.873600676352645,256,28,48.48878236398833,1.38209397411808,0,,,,,
385,46.75355219019429,128,5,30.096897181251975,1.3873100663790008,1,1.0,1058.2962268527683,93.3057818178768,226.27840433772704,13.851951107222423
386,50.17404651924243,256,14,20.62746675637284,0.8089329750025288,1,4.0,741.6218053292756,91.45637754723448,197.2802439488454,14.889540596785244
387,24.101728628565326,256,21,31.12104204471632,1.8892147746502579,1,2.0,676.3772121722595,72.66205426003052,219.61997922101816,4.904199122159497
388,18.87197718898614,1024,27,11.263851560556297,0.4179783612498839,0,,,,,
389,47.53073758204292,512,18,24.981968714099132,1.0506829478095652,0,,,,,
390,50.3417369633632,256,12,33.180544463947875,1.4126795554465632,0,,,,,
391,59.52525710003366,256,26,27.000402430660312,1.4245580311944375,0,,,,,
392,30.630883845571326,256,22,23.080046029444592,1.3324140178607495,0,,,,,
393,28.600904289639157,1024,12,49.723177500486415,0.6230476055585343,0,,,,,
394,48.82064803709984,512,6,44.614164296701716,0.3967924805045817,0,,,,,
395,27.040177012650894,128,24,33.0532681171748,1.3082866209707507,1,3.0,198.5670040287656,29.456392948804428,181.20931321058393,17.44089530878544
396,56.537866280178235,1024,12,30.621981253202726,1.2386740206649316,0,,,,,
397,52.92063759215059,1024,31,32.92972159210628,0.4407764195495578,0,,,,,
398,31.44970136875092,512,17,14.059044852009496,1.4397643765840702,0,,,,,
399,47.54355338957487,512,22,22.781198446894336,0.9648267842939472,0,,,,,
400,47.727143704234116,1024,10,6.775678980090469,1.3687451240459905,0,,,,,
401,15.156193441796631,128,19,26.3995716869072,1.6909974515632862,1,2.0,466.84352756303565,16.157095097265287,163.70984636788165,12.058401248815418
402,55.127645333978336,1024,19,29.436106278094844,0.422484014296154,1,1.0,1530.0372111321135,12.387436223569477,105.88257094376318,11.012470499786161
403,35.26261862239286,512,31,15.248738124644431,0.1363752491939897,1,2.0,1353.0123358473816,73.16004766393094,122.05628748177679,19.678659616729664
404,51.322873305387084,128,4,48.381298122448115,1.5802949141519949,1,3.0,2431.5016208877228,99.879061701422,385.6646788066046,15.586431047997335
405,26.002480051530586,512,7,45.92545749217589,1.2584251077899702,0,,,,,
406,54.77616142481003,128,7,37.496445595515766,1.4293151822820311,0,,,,,
407,29.460083936708156,256,10,29.002398294441317,1.6924944524784207,0,,,,,
408,10.541882574014918,512,11,44.148612184145826,1.6253407761665508,0,,,,,
409,55.26909882096318,512,20,10.879355472055831,1.9257482791647669,0,,,,,
410,14.564333839306677,1024,8,40.57294074236982,1.1182766498190246,0,,,,,
411,25.965681879520744,512,10,10.616936628508174,1.0281417020538202,0,,,,,
412,57.50309835254025,512,31,40.739479814723246,0.8635856797923871,0,,,,,
413,57.53035734687781,256,23,17.409540571311062,0.3920129814039886,0,,,,,
414,38.671894406164306,512,23,44.469076145818505,1.1879537424758426,0,,,,,
415,41.59186060848997,256,7,47.481894222142905,0.6263237962193596,0,,,,,
416,32.42227609891599,256,31,11.695818623230204,1.8504842732046534,0,,,,,
417,24.660538584903225,256,9,25.820402227942708,1.2080625281264854,0,,,,,
418,26.4332272684958,256,10,49.14443201732083,1.2263963429654092,1,2.0,363.2545753854415,103.70799965480636,155.49978464451254,5.0061024525293725
419,43.62592280385192,128,21,26.753334618791598,0.7743568556663191,0,,,,,
420,47.618726471884,1024,8,43.85963851315453,0.19877976875764422,0,,,,,
421,49.578952186292426,128,23,31.492918495909393,0.16031315420867837,1,3.0,1242.2957876318615,58.31653854949673,284.1866501216758,15.861165842846091
422,49.48090713972769,512,6,21.889845856382085,0.9043367738910753,0,,,,,
423,14.560305152434518,128,10,17.86025999866416,0.2606742183847519,0,,,,,
424,34.72101523512907,128,30,14.145039098873927,1.2530092155262642,0,,,,,
425,12.877938000832215,512,31,39.28091861199638,1.773848710715349,0,,,,,
426,37.47644411618678,512,25,22.394322807036254,1.7775381513855721,1,3.0,1640.398168855237,95.19119942027244,93.01522099093,4.619231877538781
427,32.07652506866885,512,17,28.0073957990338,1.3521862792512416,1,2.0,1221.824431479644,113.89122257921771,276.0982657952807,3.4669995627207424
428,54.38520913791499,128,10,27.154646600053187,0.5013404797985689,0,,,,,
429,27.545750627603933,128,8,30.977556315490904,1.739693979581857,0,,,,,
430,15.853350821380293,512,25,43.95097155310485,1.7835775270950955,0,,,,,
431,17.149584102641793,1024,8,49.13327046125432,0.4736418114106215,0,,,,,
432,48.07553158587361,1024,26,23.341289385821764,1.5011095629642868,0,,,,,
433,40.91090316581305,256,5,42.238351494783636,0.6443871429615335,0,,,,,
434,15.056133806139512,512,30,39.40375075946229,1.6250165934705663,0,,,,,
435,14.205340305749871,256,24,30.808802815500798,1.994752009816845,0,,,,,
436,45.048456572956,1024,25,48.02212146253699,0.15704941012584636,0,,,,,
437,13.638150318209677,256,9,14.021353198778126,1.8049951450027706,0,,,,,
438,51.09300296451781,512,18,9.916889463932964,1.2829980138374502,0,,,,,
439,45.31211135782481,512,24,43.428288512993994,1.9494269764131602,1,4.0,1090.8552385792077,36.64456293612782,219.887157554824,9.861640219588251
440,14.067439032094988,512,13,24.761741748518673,0.9835180833002124,0,,,,,
441,14.241885704259596,128,26,43.11359843931772,1.71003706808561,0,,,,,
442,59.33197892505877,256,29,45.18905923379367,0.21854873033672673,1,1.0,2695.6346990051316,50.76543983378708,154.68542460279482,19.890828937926717
443,28.713539787806017,1024,27,7.810591712858215,0.7370301951487619,0,,,,,
444,28.532107353344546,1024,10,44.75591433437273,0.22733142172729895,0,,,,,
445,50.63997836287513,1024,8,25.174357491623997,1.953151953610234,0,,,,,
446,57.36242886919293,128,4,27.96946200519045,1.6522504238164897,0,,,,,
447,59.30005319114355,128,16,33.19666299919446,1.7198401003673438,0,,,,,
448,47.66890926294708,512,24,46.6872173028539,1.882133939724399,0,,,,,
449,28.81297927654579,1024,29,5.860224249339382,0.26169662362759216,0,,,,,
450,14.175035834933439,128,21,26.45795607430177,0.8326354257753333,1,4.0,95.50974310933745,112.12008414861828,127.3622742000579,5.973026915312665
451,48.85734579637184,512,16,35.94749190937523,0.23496628918360404,0,,,,,
452,37.920212486790255,1024,24,37.52181309642028,0.5005068929450543,0,,,,,
453,31.211100462348814,256,24,36.163959419169856,0.5357949763715775,1,4.0,1398.8996724248068,43.89656124148776,199.67722719131683,14.43495383995543
454,55.3177192547368,512,21,11.049580823365483,0.9913037009903994,0,,,,,
455,15.559874115307567,128,8,18.472801476725657,0.610268118161921,1,2.0,94.6922124907395,110.09577338700657,47.18807281049435,5.947733125504029
456,34.63125521454296,128,16,21.142198643765607,0.2918584029537461,0,,,,,
457,10.567682238370953,512,7,41.199674345577726,0.4182330692788046,1,1.0,304.78136127425057,117.82015915926355,272.9786207473686,15.321378574292563
458,33.43303209970632,512,20,17.544194258654887,0.37982357074897277,0,,,,,
459,12.815163784091867,128,6,14.481723374024142,1.9488459160333667,1,1.0,554.3085793773402,81.10823378605883,98.20142813624454,11.591012360043043
460,15.940895813403596,256,20,48.085160856714324,1.5426557631451,1,4.0,245.26108847319296,98.94238329297936,380.4230401726649,14.559519071519397
461,15.876312338855245,1024,31,5.3988478301061,1.9387467840121677,0,,,,,
462,42.460515105803175,256,14,49.90193850568902,0.9355069243650261,0,,,,,
463,47.30224396327117,512,24,35.4569584485828,0.6289001151590475,0,,,,,
464,39.16843825485798,256,23,42.28111847521027,1.6167570746974547,0,,,,,
465,58.10862742372709,128,26,18.25787283557869,0.7198824442781788,0,,,,,
466,28.743528976185203,512,24,5.644187495017699,0.6688284100401617,0,,,,,
467,24.285604314093035,1024,29,38.204128335268855,0.5417613851948793,0,,,,,
468,53.429956409473014,128,7,42.53650686503041,0.34639005862604716,0,,,,,
469,21.179791925972633,128,5,38.32142593790836,0.5872798159318553,0,,,,,
470,58.161126972030566,1024,23,11.428262928537738,0.7751075221003866,0,,,,,
471,10.607723734490817,1024,19,38.90425650156361,1.3805889954768877,0,,,,,
472,58.493941335381955,256,31,39.601525194843845,0.218873200216958,0,,,,,
473,12.157995597528807,512,21,34.63432320515247,0.4999631853641516,0,,,,,
474,54.557155684903556,1024,11,39.47521697580138,1.6371449165541851,0,,,,,
475,36.385055454314994,1024,6,43.06646478549795,0.37915165480916446,0,,,,,
476,59.64823980596502,512,12,32.61218514068563,0.7510257783927909,0,,,,,
477,13.689828236769943,1024,23,8.987212128635559,1.7428519515304661,0,,,,,
478,37.69271422006604,1024,9,26.94325143502449,0.39435809117254106,1,2.0,886.0808202198515,91.1977398854248,60.17395680862561,6.448843990541988
479,58.46512678095495,256,13,8.494220060222228,0.2571999876745608,0,,,,,
480,36.15489220850744,128,24,23.339436396459387,1.0206221906520205,0,,,,,
481,41.46993190676313,128,13,23.319792010653245,0.6745970714292191,0,,,,,
482,44.78743444923086,128,16,7.9704429863108714,1.1704758925193228,1,1.0,737.7814711400737,85.44643962578523,50.45215261388207,15.675681652848533
483,32.72705323838866,128,20,20.69692402862657,1.6272292919186027,1,4.0,1498.5928688841714,40.297073392841746,50.1540170728737,19.925524013586013
484,41.377904004203174,1024,12,9.994914445609167,0.360582127490212,0,,,,,
485,39.215715596155015,512,20,41.370584450414995,1.2033282606531415,0,,,,,
486,55.057900524549446,512,27,47.645961168401186,1.0604666447407414,1,1.0,2187.2947310379686,11.565848859413528,362.54544456064326,14.316058510641316
487,12.272319017072894,256,12,8.254241386607237,0.3737496934250792,0,,,,,
488,24.048159479611517,256,12,47.98018432812656,1.2855971225050664,0,,,,,
489,57.520574203827934,1024,4,28.515946970153532,0.6199167939354661,0,,,,,
490,54.51318919454582,512,5,18.480455507924326,1.0268852052336237,0,,,,,
491,32.782837639285646,512,31,8.458793387427358,0.25631741612641756,1,2.0,1133.127818047818,44.45094923975982,20.688718910391785,11.389159967238921
492,41.00662989007684,128,19,27.528092063168803,0.9732097087058837,1,2.0,1181.3792937733447,81.69763829844926,255.84120929196376,18.6939578065275
493,23.869059149056636,1024,4,40.75319950208369,0.6822805892813586,1,2.0,950.9286825577502,16.79085779619716,310.40328632559863,3.269481317941897
494,19.406057986188067,1024,13,36.818891477001415,1.662524301252173,0,,,,,
495,33.184920246999106,128,21,7.260170515878819,0.20825958129499972,1,1.0,661.2968009558766,6.37056804249784,43.990230731997144,15.408699827858959
496,27.66761140130264,1024,29,8.280582591555659,0.8953538223448269,0,,,,,
497,39.1828055925436,1024,31,23.12929771846867,0.9710197058497322,0,,,,,
498,13.886731848249243,256,11,18.288072232157447,1.4775115449683256,1,3.0,331.46845349576654,21.064622849337944,101.17018958229112,18.10869078583482
499,58.71974038330833,512,24,15.457294537522152,1.1911463926714008,0,,,,,
500,59.31053722398014,1024,31,17.64520245089211,1.367703440668944,0,,,,,
501,44.90808570098726,256,14,41.156723448359806,1.5763936427383365,0,,,,,
502,36.80481831720602,512,26,46.81526241343342,1.7381856499505586,1,1.0,1305.8437710853314,87.30963153724146,142.5703126912707,4.048467921556277
503,25.476380814316386,128,5,23.22962125374049,0.6963634437726939,0,,,,,
504,50.68975098534743,256,11,45.77499509596237,1.1222431401914155,0,,,,,
505,44.23655862769397,256,30,19.46730655615469,1.6962053490344797,0,,,,,
506,18.130846967244565,512,25,26.43966438547062,1.9799571488336072,1,3.0,349.8817637262717,116.87127569049106,114.43073834267335,10.651090897067888
507,55.546359224692125,128,11,15.171304901719987,1.7900866909831499,1,2.0,226.54024820422748,118.05244045570436,135.80855803862187,6.480230717149982
508,51.12686214615845,256,20,33.82142189791298,0.8057877989863159,0,,,,,
509,57.4899956645962,1024,18,49.0541501828664,0.4708163827154358,0,,,,,
510,46.285975419418,1024,20,32.15718932195204,1.0298458210725185,0,,,,,
511,40.67075979678949,1024,31,21.101633785109698,1.5091187584884802,1,4.0,200.6556845513336,61.807602151121614,194.886723614256,12.630808814993111
512,30.912151814530944,128,26,34.151785069573776,1.0358812344312653,0,,,,,
513,56.63642416770066,256,27,10.53143053094244,1.01804364029597,1,3.0,366.69758622201056,104.97551461411994,21.125856571978098,14.042230296262229
514,53.30319447502042,1024,16,44.989658611942936,1.692637800055421,0,,,,,
515,12.26093350530947,128,22,27.638777785092635,0.786667180227654,1,2.0,519.6481546630375,89.73504241142297,186.64718515486405,8.144594109788835
516,11.3183487248626,1024,8,25.220738391783893,1.7336098821421266,1,2.0,288.21793591722735,62.619627253229396,195.57181666575354,10.819688384527714
517,28.82316834390248,512,15,31.363915480408362,0.8729291218082748,0,,,,,
518,50.52766653909165,256,4,33.11527382552311,0.7236429007888449,1,3.0,1746.2006245520397,70.86746128983498,230.15035367344444,7.7487712497015115
519,59.363806465747224,256,26,8.229911280193086,0.9625808312794281,0,,,,,
520,17.52084455517641,128,8,35.71777495505311,1.54864922148225,0,,,,,
521,39.70653576760676,128,11,15.886925614198832,0.33940385294158915,0,,,,,
522,29.044542831551077,256,16,37.12786846279654,0.473196510156833,1,4.0,584.1952971545512,20.781121860940175,98.51650145383421,9.279649795736933
523,58.49571989073016,1024,11,42.01406574728885,1.9077451687598745,0,,,,,
524,52.105946156785436,1024,28,41.178132839863416,0.433434092024579,0,,,,,
525,51.91643523555689,512,26,29.86254353335501,1.1786819040690037,0,,,,,
526,33.434657989748516,1024,14,28.407645153983804,1.2006974866576818,0,,,,,
527,30.74097511688326,128,4,11.429418260273527,1.030286477895465,0,,,,,
528,23.67035359653531,128,16,39.8905767681411,1.3250159722959554,0,,,,,
529,12.818774832546357,1024,22,17.213422120102145,0.536670779015475,1,2.0,203.66249747357838,112.83106797090808,64.40916895286048,5.7121792637032005
530,53.23611881275266,128,27,27.351294026807594,1.1500583087758216,0,,,,,
531,50.64505045650388,256,6,17.79233418173825,0.8071291849691046,0,,,,,
532,59.98588366430653,256,27,11.022276334986191,1.3571677932954591,0,,,,,
533,59.831841853695266,1024,20,33.330096360128145,0.36832473240898395,0,,,,,
534,37.771585280131376,256,8,7.444941567030672,1.1846670919950049,1,3.0,668.6404010984153,45.47192363415433,29.800032434295375,18.054510540955736
535,48.44937075902553,256,23,38.689035535679,0.45201367522831504,1,4.0,1859.275534411113,56.30716449257449,334.807061603055,3.170176979505319
536,57.238286494121404,512,24,19.29140578675025,0.6294218199185692,0,,,,,
537,52.482369533870575,512,11,5.0060611852018395,0.5155486206148081,1,4.0,1597.502570694973,82.24092656475835,28.562560123311346,18.000956169544406
538,22.367405087159884,256,29,28.000811265675342,0.4473917817507525,1,2.0,1010.4249148419109,43.398784225553705,165.0543015823328,12.718540931945554
539,32.52720676550467,1024,17,7.108335883742141,1.6688508079652673,1,1.0,1080.444811154362,34.23980351372701,67.38094208975967,8.638183351009298
540,16.45797075757475,512,7,17.427630101940476,0.6428443785556917,0,,,,,
541,57.70255136293612,128,14,36.81394193550723,1.8615351855424536,1,1.0,1605.0339769360603,77.57068022607537,261.2570272328425,15.291971132825605
542,40.308731722544,128,23,7.821032972983964,1.9428603981558625,0,,,,,
543,21.432140275173136,128,18,42.77023215602011,1.185394892880485,0,,,,,
544,43.58503422029283,1024,22,5.17189651963624,0.37170213306488015,0,,,,,
545,40.90641202289479,256,10,16.107074114085602,0.8116416624212044,0,,,,,
546,27.908135901642027,128,22,38.34068252684322,1.6156913003616065,0,,,,,
547,15.677879609981451,1024,31,19.232156737818805,0.7980423845244339,0,,,,,
548,43.57865977963998,512,22,9.585157462970608,0.26533271477529863,0,,,,,
549,36.01538504518967,256,14,21.210526346019254,1.157891330763557,1,2.0,1078.2575618606666,7.873169462412687,194.91077237283326,11.631786581665294
550,48.61591958678196,512,29,17.16769788730365,1.705729617842466,1,4.0,2202.541911491563,87.88338788306807,97.03304466566524,11.484847187829311
551,36.00817505559967,1024,8,42.92203559722497,1.6122601355726545,0,,,,,
552,52.609075015927004,128,8,19.10065629133144,0.43273396624767113,1,2.0,2003.1009928630838,64.11268753579863,61.03595747402679,4.872418809622429
553,37.595341938724275,128,25,40.501961229920326,1.3782527673836866,1,3.0,101.94177565023445,74.66167900990746,382.317645479933,9.621772441071947
554,38.046898576769316,1024,11,45.13424651648306,0.5189581005277295,1,1.0,1003.4248427775184,77.6662183133918,255.8949711842505,7.098093879564523
555,53.832680132917254,128,13,24.52178388094383,0.5145943156491273,0,,,,,
556,30.17414331061985,256,9,45.94744147344764,1.7607363692798517,0,,,,,
557,16.700761422532036,1024,18,21.97931242834368,0.5743710102064373,1,3.0,570.496923588991,65.61076799664482,75.89569500291874,3.266830395136754
558,11.439133815666949,512,19,48.38352874205487,0.6001699583842213,0,,,,,
559,47.75686278368095,1024,31,9.018028603650782,0.10124144244646915,0,,,,,
560,41.01547756767323,256,20,35.915866992645924,1.7542711648384834,0,,,,,
561,45.20398840496118,256,11,27.22163182056179,1.605930145097356,0,,,,,
562,20.648208075445538,1024,11,22.444196245504116,1.2919249766722882,0,,,,,
563,16.81857377933849,1024,28,33.47203454368704,1.5255049514838002,0,,,,,
564,10.727233283394096,128,12,36.6735691235449,0.38889227810653443,0,,,,,
565,27.529377940329848,256,5,5.196347134263909,0.9708148297163933,1,2.0,1004.4158533561179,71.99138440568464,22.963520176863014,9.121693723295925
566,39.49588434273166,1024,18,12.512888993623942,0.7673168359626836,1,2.0,451.28682450458564,83.63564310233558,30.111275310178755,4.52697620023528
567,29.612202254986617,1024,21,37.08707227854434,0.27817539988833134,0,,,,,
568,31.873746101186452,256,6,34.98734361101929,1.0236479219083556,1,4.0,1334.6985181160055,91.60866742566253,201.0514368742635,7.366110641328149
569,55.20793472468742,1024,20,48.47213773079047,1.8494053356510072,0,,,,,
570,27.41277335116502,128,7,39.24670056128524,0.1761123261963195,0,,,,,
571,35.69947445799054,256,7,47.784771847910214,0.6537757356382083,1,4.0,1640.5581160538927,88.65702499790386,421.7018241098635,4.572782560112605
572,49.18265063705715,128,17,36.61432256906631,0.49432777879083656,1,4.0,604.6268186643013,105.0058926392101,346.68797282137217,4.71600763445878
573,29.827139116063506,128,12,18.412349388774942,0.552478641964823,1,3.0,1270.6859863420018,26.785994814251318,174.1958802599489,6.3831920050582
574,41.10433501139367,128,12,9.741421501288542,1.8260256485708128,0,,,,,
575,53.11818543733726,128,28,40.1820738505221,0.9893312030451512,1,4.0,301.44539700807974,51.13201649155672,120.62016480598082,19.997437156268802
576,57.4760311828821,256,29,33.986714966416216,0.9859688845856557,0,,,,,
577,17.353674046451896,128,26,7.1683705576983305,1.5450937206650364,1,2.0,103.06006708603311,113.99654759166256,36.24637153816945,3.0371304285732292
578,56.32938125807472,128,21,21.202270965544024,0.393535187609359,1,4.0,401.64321376687525,50.60791605442792,47.19265242017199,13.85743481404689
579,34.60581465397691,1024,13,48.05599169679288,1.0258041727900964,0,,,,,
580,22.912219414947916,256,24,27.518051556959055,0.9169719068300134,0,,,,,
581,32.95678781191307,256,7,24.47281112088671,1.2341303120386466,1,1.0,147.8776394252218,19.360058844181108,216.37202195869165,5.401142866451475
582,59.00162876427385,512,15,25.596482232168228,1.9991596361758333,0,,,,,
583,34.63090469964348,256,30,14.399722580232368,1.5619528987558895,0,,,,,
584,26.437580514375412,256,11,21.591822688915784,0.8559448357331116,1,4.0,1081.6230604316927,65.42618953165065,105.15317179535326,18.650678324083188
585,41.67004271583629,512,5,21.641596519422947,1.6723507993206892,0,,,,,
586,22.007280938909652,256,25,7.355975908436258,0.42434589029371234,1,3.0,118.83458102417038,17.59146184376315,51.8518050375059,4.5917591866716965
587,13.793166405433196,256,16,39.54054328330632,0.15788100398702423,0,,,,,
588,16.443986095532463,256,24,23.742699435674552,0.48845190768211877,0,,,,,
589,16.40229194788862,256,19,41.99809490673905,0.7467819566170933,1,1.0,257.5840866878012,28.3281224537045,324.1911694218739,19.23607418114602
590,17.595134675614716,512,31,43.26566005039529,1.0701034391731636,0,,,,,
591,16.941358632470507,256,5,14.539732461439613,1.2687453670282796,0,,,,,
592,42.04373724016073,256,14,34.580906697655784,1.8301508627074012,1,1.0,263.1652327296756,119.80665700566001,188.07716074629334,13.385748587219124
593,19.09400421995724,512,13,26.252681187334176,1.0687226181458696,0,,,,,
594,27.28336416619316,1024,18,44.60705320646683,1.0524237247888857,0,,,,,
595,54.839420495300594,128,20,14.708330562940436,0.19546171866366605,0,,,,,
596,33.69808201314362,1024,11,35.50159401395199,0.16633195004682524,1,1.0,520.122166214349,67.25670341555518,158.0367193950525,3.0215573075633344
597,43.37788692605136,512,21,32.348845501372516,1.1472039276411068,1,3.0,243.12379253639952,37.666714739649336,313.7095051528789,18.198122364585704
598,18.615993560081492,128,26,18.288566490732475,0.9325393651718545,1,2.0,616.8259272248008,119.3991197759992,177.68998924448337,11.86910062323761
599,19.61445094043354,512,12,11.147040664302768,1.6944427504625672,0,,,,,
600,12.043430813323944,512,28,34.32378922147745,0.4052912109525058,1,4.0,129.074580852208,116.15427563384146,148.12400155729446,7.465385500618237
601,18.446753153608228,256,11,38.23688561595488,0.14744615802239425,0,,,,,
602,23.929516951597932,128,30,19.20323046935075,0.9531736590672392,0,,,,,
603,18.85052421383734,256,17,34.01746718100412,0.5512092578292892,0,,,,,
604,14.435126687852781,128,31,22.780890842517646,0.19426730934379116,1,1.0,599.1214296344151,55.684989724690304,132.97207747917503,16.043746017765713
605,16.031793555030042,512,29,37.094309747717794,1.476736745010495,1,1.0,639.818371529246,34.94635751060947,362.8844799561778,18.75331441607679
606,33.03893840163629,512,28,13.96468737023239,0.3120266999187702,0,,,,,
607,20.316685920289625,1024,21,45.059675118627844,1.2558070500147662,0,,,,,
608,28.213493052403773,128,25,17.933431840951087,0.6339945253170893,1,1.0,77.68160454100332,101.41595838060185,36.56532173681363,11.222743993495497
609,35.17086354274284,256,23,21.55036944902688,0.4296424956745418,0,,,,,
610,44.51974143146826,1024,23,7.61413784361574,0.8215278935467032,1,2.0,1920.3766942315406,87.29638245175536,40.36578823299737,8.364409065532884
611,11.965606992054948,1024,24,10.018049554457438,1.6227469748236119,0,,,,,
612,49.97051994545213,1024,15,28.213785622054765,0.8449777961186881,0,,,,,
613,41.395019474545386,256,22,17.041670452758716,1.5264623335010057,0,,,,,
614,14.087951597443595,1024,17,42.59661015839875,0.3384239639183863,0,,,,,
615,53.67893120533886,256,20,5.661202489472923,1.5682656973636502,1,2.0,132.84094038352941,83.9982650254037,15.872089221667832,16.412067106893755
616,56.04362002659066,1024,27,22.05923219023713,0.5501733173226324,0,,,,,
617,13.053897992743188,256,24,20.18054960460917,1.3870469467888582,1,3.0,195.78021120143367,107.70808025208434,122.56179985416225,14.59035346240373
618,23.843882407360187,512,6,5.8697433912920465,1.174984954197893,0,,,,,
619,50.31006398965307,512,29,10.59657795502296,1.8653749627022058,0,,,,,
620,47.41298451918292,512,26,23.613920371338587,0.8359127841530967,0,,,,,
621,19.226050967818868,512,10,27.178906300135097,0.22571385878543684,0,,,,,
622,20.467466166835514,512,20,23.19303862646911,0.13639542254738052,1,2.0,89.87698365039164,84.28297039520233,50.963446921504264,18.10879222375463
623,28.5236051395691,1024,15,28.89219552854422,1.671031265848231,0,,,,,
624,34.226149259551065,1024,12,31.780925370755668,1.096997711556721,0,,,,,
625,40.9127385765148,1024,18,5.446571950752603,1.5729636984864035,0,,,,,
626,28.445681978488622,256,21,25.884282175407673,0.5454086400218779,0,,,,,
627,33.12673580665739,256,24,48.357465839941476,0.755659116475144,0,,,,,
628,47.37354690668783,256,16,28.35645260582969,0.157197357201506,1,4.0,803.534055732648,37.63676344977815,149.01847389257765,14.77273821694028
629,11.834160144529895,256,24,35.489402035652894,1.926835416690813,0,,,,,
630,22.621847217201037,512,11,19.033873606259743,1.3689490227315455,0,,,,,
631,45.66747929422762,512,17,39.829612016874314,1.8730896667426817,0,,,,,
632,54.76034188435997,512,11,39.781466684425176,0.6044431741152374,1,3.0,1379.8643267445802,84.79426361570921,149.8007964957005,7.139981761292117
633,35.58387210578331,128,17,28.458322144436252,1.2617808613287556,0,,,,,
634,36.60567426326578,1024,10,48.92062204756461,1.3891499397560119,0,,,,,
635,15.358600566988802,256,26,10.649759664319403,0.703344430489418,0,,,,,
636,32.37061834117273,256,15,5.7626449200311445,1.711407546529697,0,,,,,
637,36.63086332275116,512,14,39.65711952906932,1.8996067795104707,0,,,,,
638,22.123525181736483,256,25,41.32199918141971,1.7812247236224081,0,,,,,
639,23.462161547469048,256,25,10.409325310425931,1.5042272542848079,1,3.0,909.3698172732752,40.16855379762136,65.22969250568048,18.838207245903323
640,28.864208155231132,1024,14,16.951227483137274,0.6271828914774127,0,,,,,
641,11.003559888886318,512,28,5.789856351498301,0.6350704800007003,1,4.0,218.23311810461763,92.31248266055444,57.71299394537785,4.782207702501852
642,26.103958279158913,1024,25,18.19888748512541,1.9303846088474719,0,,,,,
643,20.572400349827234,128,31,39.79138432634022,0.11954054227781485,0,,,,,
644,26.374867608895734,128,16,28.30822374706605,1.4604949491600745,0,,,,,
645,15.98810659096256,128,21,20.664301692572963,1.441867708854998,0,,,,,
646,54.52636403699475,512,5,21.728268270784863,1.283110127804615,1,4.0,1864.125282189762,76.27100326653009,182.61064256271538,7.555026751816413
647,39.67962267770243,256,24,5.060913157196067,1.9812068075650449,0,,,,,
648,43.95511595722448,512,18,18.491023740435615,0.6925709279510779,0,,,,,
649,49.45856193036691,512,23,34.090643373706875,0.7459465412071715,0,,,,,
650,34.92210994645286,256,30,48.83874997173607,0.24998486559845554,1,4.0,363.0561933868926,13.902328478246316,428.07832137084046,11.843308331306055
651,14.346014404371184,1024,21,43.11773721427548,0.9413164594331012,0,,,,,
652,36.85532709092739,128,18,6.0617734090488105,0.5959921998462113,1,3.0,1342.8145711833567,63.976066680041335,42.930206082681664,12.617614443205325
653,39.342055901043956,1024,22,45.43522721036777,0.752434734137524,0,,,,,
654,47.271973709216496,128,26,40.24392859843817,1.6856864014856925,0,,,,,
655,31.58297731148397,512,27,40.11692556069412,1.8774205757022417,0,,,,,
656,16.37901513977819,128,15,25.60980915516072,0.4528928368098527,0,,,,,
657,24.188795289936223,512,16,22.910238182952625,0.8077669699515851,0,,,,,
658,28.154114819931756,1024,25,18.63120779749367,1.8643980680192487,0,,,,,
659,42.295862066580064,512,14,7.95626865294646,0.217436075309523,1,3.0,524.9608384479177,44.47961145751021,18.557827850131176,3.2602799726573926
660,38.53891523344559,1024,8,15.27059135721646,0.2754850034116192,1,3.0,316.92615535645433,42.78562276421384,55.80456515037017,16.26973633895598
661,27.80483629489231,256,4,16.09716357401111,0.4093028794918358,1,4.0,296.32808012674536,74.25947477338458,151.32165100120844,9.147324413231622
662,59.32576243964898,256,27,26.783468136959073,1.230904384841062,0,,,,,
663,40.288740967844355,256,6,38.63499829685123,0.3858973149113952,0,,,,,
664,21.861339586799723,512,25,26.321442277907597,1.9393451247563935,0,,,,,
665,15.089123631020186,256,22,7.603000225122227,0.9487576017911886,1,4.0,180.9405191638252,42.06735481398386,37.47446539450442,9.909115197036343
666,17.6429569592166,128,26,48.100541044469175,1.052884124665316,1,1.0,463.55227716513184,94.34278104356035,136.08094301536983,16.75928225542808
667,22.297886419225406,1024,10,47.42259435923505,0.5686513700302723,0,,,,,
668,18.034068662977784,1024,15,40.33352944167838,0.9948244796259936,0,,,,,
669,19.328351202565287,128,18,49.60975557038993,1.357635902010322,0,,,,,
670,24.254758434692356,512,28,29.501704976011833,1.5272365602126812,0,,,,,
671,18.668679764737742,512,8,48.32457576139427,1.5323493571488347,0,,,,,
672,54.83827123132126,1024,18,8.402226827753784,1.1979931141187679,0,,,,,
673,14.01168728308211,256,11,21.45563367176171,1.8182835724883286,1,2.0,577.4900423341101,13.14101514128506,163.4756850963633,9.447817659368257
674,36.22556947851273,512,13,15.142157060304463,1.6530749098816078,0,,,,,
675,30.519841349483077,512,29,13.81248878604215,1.5383914179273883,0,,,,,
676,59.11893084543032,128,19,11.336132700170424,0.20565049119287518,1,1.0,281.1197133803743,80.94464902551992,49.82980537321854,3.802822900410832
677,15.601945108402617,128,11,33.00861387046985,0.1130681282173337,0,,,,,
678,29.892779952287082,256,4,40.159483508628725,0.5036498266713986,0,,,,,
679,58.473521663768445,512,15,31.02342797391623,1.3606948284355593,0,,,,,
680,53.275356294699016,512,8,11.613321931469436,0.8812752288768371,0,,,,,
681,50.853603547464,128,6,41.50056964700619,0.8645718926686923,0,,,,,
682,22.89514135224699,512,4,33.61796182236778,1.780715087636266,1,4.0,794.5041332954054,98.05740242052524,139.54329511427238,5.999476097995955
683,18.54437936950329,1024,7,22.467456775714798,1.8015694114504934,0,,,,,
684,43.43216099622155,128,11,35.335863299122835,1.8274330017018128,0,,,,,
685,56.46879945637929,256,6,16.69572406592748,0.6963683453785519,0,,,,,
686,37.83814465069649,128,13,20.533649382239474,1.4130060442045973,0,,,,,
687,38.580634473494996,512,5,46.28686294093956,0.6161030444213023,1,3.0,1232.5040882076657,82.37564434084946,462.11969151046145,19.2503539305991
688,23.998954683014208,256,14,18.072702755213918,0.46215868284145456,1,4.0,1012.7480085212114,62.18135742729951,160.21652322791203,4.196891160842741
689,48.47464665959684,128,28,26.149472067107148,0.4508016689600015,0,,,,,
690,19.352187427876167,1024,13,45.056351182820656,0.7500044796408286,1,2.0,272.14103521702907,114.28530657966084,237.15421920672253,9.033830416456276
691,26.183961820212183,1024,24,36.847460762038736,0.9169194775816613,0,,,,,
692,31.27182193082084,128,17,7.799145177411624,1.6788034250046298,1,1.0,708.6296652839468,39.492926326777315,76.75988612718919,11.554045839872858
693,35.38051893422275,1024,10,11.628636992553666,0.32779307759815296,0,,,,,
694,22.12048662075401,1024,30,5.352871584736257,1.4963591100502989,1,1.0,987.4784559096597,7.204307065372444,38.545523973488535,11.385774064755521
695,15.741841236960177,1024,30,33.39148056031235,1.1097643369596801,1,3.0,519.0969742461414,54.6787777182957,265.0007873386913,3.0673190312064267
696,40.53100212208163,256,5,25.145304143468824,0.6470961510843857,0,,,,,
697,24.43152766201279,1024,12,11.042368290602399,1.0363572106123666,0,,,,,
698,39.061911071130616,1024,19,48.10703544755467,0.669889932576343,1,1.0,765.6036794105903,8.796372628537634,108.3420635400395,11.519766434777337
699,17.718135763710116,1024,16,28.834687577552895,1.2325557149527813,1,1.0,163.8776141708742,114.702726540537,85.72097244381395,9.524131785615957
700,34.05700509274087,256,12,15.885198235080013,0.924303453424964,0,,,,,
701,36.62947162757929,128,23,27.52716070196184,0.41237050524986957,1,4.0,505.75588270482666,29.140575261025923,194.47060952459404,19.525348703067472
702,12.591176841121346,512,7,35.58291497307985,0.32150784165582375,0,,,,,
703,26.830213909696027,1024,25,8.430764808810402,1.1387217959370473,0,,,,,
704,16.72073384694871,128,13,17.36167167715514,1.8145847632435965,0,,,,,
705,13.168748523638387,1024,29,41.313447089779714,0.7535196044596025,0,,,,,
706,59.49801161949726,256,29,25.684919168119755,1.492700203722984,1,1.0,1685.023002539196,95.72660775412115,236.10070493266426,5.705704427895107
707,26.117692248736148,128,25,29.595971391453272,1.351456574385557,0,,,,,
708,50.493722292731746,256,15,24.476720099426117,1.8699543371880138,1,1.0,1757.5326225221315,94.07578956505196,171.09104497660576,9.020621344911415
709,22.73203273818819,1024,20,6.97549741893523,1.6598639328683675,0,,,,,
710,44.075136111196464,1024,17,12.458740091907018,1.1765499919203797,0,,,,,
711,48.011392994484325,256,17,25.04937374338509,1.348357946644804,0,,,,,
712,39.781937030392214,512,28,14.413345943356752,1.8069342865096663,0,,,,,
713,33.57880942750792,256,5,7.2490562896855435,0.859085690715176,0,,,,,
714,30.592045707363425,1024,24,42.964234882332065,0.720909941129777,0,,,,,
715,27.443413327149766,256,28,49.15366381238521,0.12054105890687306,0,,,,,
716,56.476457212391296,512,23,40.69142932985328,1.670447040963782,0,,,,,
717,51.530970389386454,256,14,43.420321476710015,1.6218633307663932,0,,,,,
718,58.251345533325626,512,19,15.888970864267042,0.29846358439028764,0,,,,,
719,16.214861174277235,512,22,48.22821389809399,1.1960290241521303,1,1.0,149.37390066145036,30.038823463537355,148.1666779632742,10.131185246526936
720,46.54337376018221,256,26,13.861656700404277,0.981565226517086,1,3.0,1363.5735746283121,76.44105100521924,40.560321566324355,9.64179013071613
721,56.91702284105189,256,9,47.81434146628245,0.32554728146731177,0,,,,,
722,19.061653308283006,128,27,49.7668682284678,1.9630796314153747,0,,,,,
723,13.324813368338875,1024,22,37.027526258572195,0.5079221861803753,0,,,,,
724,47.056032464502955,512,8,49.15146793063199,0.22774494217206617,1,3.0,1270.0516101776902,10.529081375941775,430.24674374997744,14.319124070081664
725,38.7236556589956,128,29,30.629290080519667,1.2302100210536282,0,,,,,
726,52.0914388379136,256,7,16.679380242924065,1.503846686552762,0,,,,,
727,16.988618831314476,1024,18,24.66481485495294,0.16164254748965523,0,,,,,
728,49.76336559299451,128,7,31.71024209204537,1.351563513581342,0,,,,,
729,20.081366002387227,512,23,8.288670291215675,1.1113545643077634,0,,,,,
730,18.182797143285224,128,13,33.005446907776076,0.296203516862592,1,4.0,477.7297593360146,60.61107735594476,102.792781370377,6.6637185783120705
731,18.213289896549647,512,27,49.15300265430325,0.4277953661980879,0,,,,,
732,50.728736011569104,256,25,13.554844240267743,1.1791511649005528,0,,,,,
733,43.25986103481001,1024,6,40.666780232977246,0.6630794656752479,0,,,,,
734,36.153271238455964,1024,29,45.85544572008287,1.8827998844375005,0,,,,,
735,27.941524206175124,1024,8,47.466571676909936,1.6556064360196965,1,1.0,944.1810192408174,6.684419636335975,292.4821644888895,6.758216397837861
736,53.86002704065541,256,9,48.20610219824513,1.9687776923759597,0,,,,,
737,29.622255371131768,512,24,28.465683742466236,0.5933745940057865,1,3.0,1200.4960210636261,110.9315462207968,65.38301571437131,15.396586124514503
738,50.82997197357886,256,25,48.97885585961767,1.9424749023161563,0,,,,,
739,31.95674542851092,1024,11,39.07895932104975,0.91934435260396,0,,,,,
740,28.84722147124538,256,10,12.275214630663285,0.7602857110961337,1,3.0,487.8536553388519,117.24989278295074,32.47233893278565,11.504938817529053
741,33.133989283480325,256,24,26.46050479105865,0.19566410124177117,0,,,,,
742,25.068893708207103,256,13,37.32490289174018,0.20025398993324497,1,4.0,1076.4137693545608,30.562518163437304,275.4124761770777,10.057646492974277
743,47.380469008812554,512,9,16.13031421185875,1.4148213862986438,0,,,,,
744,35.13601950462396,128,17,33.82768325969993,0.970065089424653,1,2.0,321.2752190539401,28.93219397858287,254.1626502027222,5.876451878513281
745,21.610634757340865,128,7,34.99702155709787,0.5303910894686008,0,,,,,
746,54.978728663728425,256,31,12.321488471385464,1.266543582017942,0,,,,,
747,29.19456106866057,128,28,30.42883906037403,0.5804304246752112,1,1.0,292.08365254067445,91.67782030464491,143.98181906258577,6.187962789506832
748,37.17764305569943,128,16,39.723210994037345,1.197500333254403,1,3.0,520.0555909974086,34.138630865373464,147.9641195650693,3.179377825870309
749,55.32360554822735,256,23,27.450304904117388,0.7824966192671117,1,4.0,370.2463243548147,107.93380430361218,233.59337009543495,4.554246570649057
750,41.21189979569961,256,20,5.544640254924834,1.664749230562456,1,4.0,501.7917013344181,71.00185065414296,20.71935495459317,12.466257809734097
751,15.844902035418203,1024,26,5.406731108568148,1.6593227054568807,1,4.0,134.54732423919197,45.33942664618589,34.258219171146294,18.16184321014297
752,56.991606180673756,128,10,21.06632047865055,1.0069657564325625,0,,,,,
753,41.38540265357089,512,7,46.67873307943019,0.7665563077365296,0,,,,,
754,26.745280732854305,256,17,15.290455082162394,0.7888636134622796,0,,,,,
755,16.963603633169363,1024,6,33.54636599922592,1.630857598769614,0,,,,,
756,49.7012594635148,512,27,14.993414181199427,0.7235410173154627,0,,,,,
757,41.00363779642568,128,8,19.475149534679687,0.49721281004300744,0,,,,,
758,36.67305459881607,1024,19,43.161894032066776,0.260907849563083,0,,,,,
759,54.69462915254788,256,29,37.79876490214761,0.9867169296803759,0,,,,,
760,49.42986056122654,512,26,9.292967479094479,1.0160509879476995,0,,,,,
761,17.583743986637558,256,23,24.29159094438951,1.6977265497655236,0,,,,,
762,25.58610338977741,128,7,6.312639364036901,0.5203535232475215,0,,,,,
763,22.424456990723286,512,27,26.640056597135406,0.8238834199699598,1,3.0,895.2077381030426,100.7597808301833,259.62521974174814,7.881801007219477
764,47.19731462863385,128,27,34.809530526548066,1.6359709038980128,1,1.0,366.4920957042626,61.74177054754045,110.79245264665772,8.57170284023418
765,11.676621736788968,128,5,10.33261806191682,1.6648848604230495,0,,,,,
766,38.49448424356583,1024,21,17.999822250912455,0.8307610443596596,0,,,,,
767,48.122934287034525,256,22,22.902648147597063,0.9723356442446937,0,,,,,
768,53.838281838087475,512,31,46.37889610952224,0.6762431926136375,0,,,,,
769,27.104087435795375,128,31,49.69647569403338,1.8718542689966928,0,,,,,
770,51.06286523360064,128,22,7.021008454802714,0.3254231549090026,0,,,,,
771,15.531586847760362,512,20,39.245356557292645,1.874123903702793,0,,,,,
772,52.32261458672591,128,17,21.727582988105446,1.399346258487152,0,,,,,
773,16.37443311659912,1024,22,22.6606183803266,1.1099870901047892,1,2.0,602.5176925205731,109.83778507647469,215.88794108708268,4.965295380395707
774,29.864364528018363,1024,25,38.941923800616024,0.16205221549054216,1,1.0,125.80919435613382,111.72163722387882,134.861506291329,9.606726075320747
775,49.86476828897768,1024,27,46.32918944654339,1.0036327644618157,0,,,,,
776,17.49587136743869,1024,16,47.79178675261468,0.8747213995051913,0,,,,,
777,21.462569761632075,128,15,30.970516371724436,0.40631574275273286,0,,,,,
778,46.11262841965331,512,29,21.07045216852263,1.347178246651248,0,,,,,
779,46.00182682730372,512,9,40.439708863645066,1.945186723999743,1,4.0,2097.5048370758464,24.023317494767074,264.45732276018765,3.632768977678596
780,42.057381644264865,512,24,16.29506224680351,1.1681587410225978,0,,,,,
781,44.697422223355,512,7,30.3833312975083,1.458031225243497,1,4.0,1543.1074843784136,5.267191705171982,152.40466430828155,18.599211836452305
782,37.136222167379806,256,22,21.136030768619293,0.2300558598754319,0,,,,,
783,22.589952945347637,512,19,34.548398316854424,0.89356729205229,1,2.0,66.96182529688294,118.15205811637625,335.79069800979187,14.442892918116987
784,27.284799675195973,256,16,15.817951080207811,0.32108112181254217,0,,,,,
785,19.079885840071285,256,7,13.62168255806716,1.2643120875193696,1,1.0,713.7347614447779,109.20581665466013,57.0521865989662,19.84272975968472
786,55.422528066681416,1024,26,46.320758900394665,1.8831161006068937,0,,,,,
787,39.16958973830602,256,20,9.581165732729161,1.357377691696113,0,,,,,
788,30.042570838181994,128,26,27.768105848071926,0.2459257917974009,0,,,,,
789,33.100290182206635,256,4,14.938375233335401,0.7738657894716574,0,,,,,
790,57.36416698059077,1024,21,6.751848349655035,1.146260420937618,1,4.0,1444.6693796916745,11.376202105941763,35.09113847378307,18.007993765534394
791,17.66757015580401,256,23,6.620846823114188,0.8660947366531792,1,4.0,674.1735533264147,100.79894035322305,65.30062395717796,11.040840092868596
792,39.311491600839865,128,20,12.88497974476223,1.6839236199028274,1,1.0,1014.5763793466288,57.64756724430876,81.06924048254963,11.834645529556408
793,35.2944339442233,128,30,44.00466595277001,1.6478749089489795,0,,,,,
794,40.57271177173239,128,31,17.7115434789662,1.2624789381961208,1,4.0,1269.9281143349203,34.78058457787215,106.64192813124151,6.239792790792295
795,10.905509191042025,1024,30,47.77066267588831,0.8095700957521399,0,,,,,
796,53.606195447207575,1024,18,31.17300318451371,0.5851391101501638,0,,,,,
797,56.60591412418062,512,14,24.647638539594475,0.3011612046049457,0,,,,,
798,38.25665917946045,1024,28,31.103997560125457,0.7743055986244527,0,,,,,
799,44.83254119384461,128,31,28.25142733518205,0.8850277826946671,0,,,,,
800,56.124969058864785,128,25,39.14493141907963,1.3840635576977398,0,,,,,
801,45.36193171566993,1024,16,17.712322968778352,1.3505036661653895,0,,,,,
802,17.626952145713066,256,4,20.887267622013606,0.2332054653183882,1,1.0,678.130362771068,106.05585022284693,84.84884140654596,10.854668828272445
803,38.81441800834066,1024,20,45.234243613996284,0.8509926993191997,0,,,,,
804,40.33575231914279,1024,9,47.59054309176825,0.4453798477129876,0,,,,,
805,31.2065335651193,128,7,45.165120236891354,0.3979441401019308,0,,,,,
806,46.82221178123614,512,23,23.87515972807911,1.6718740845007671,0,,,,,
807,56.718350738450745,128,19,40.116447635309676,0.1796389117608893,0,,,,,
808,56.278425645338814,512,18,26.435107998549444,0.8964474642140305,0,,,,,
809,32.541968570206606,128,30,27.389293346574597,0.41958694595638457,0,,,,,
810,15.661902292037762,1024,18,14.210604907577778,1.7707274097891006,0,,,,,
811,59.242059948116726,128,9,31.60086364663324,1.1583769752225668,0,,,,,
812,51.94490432229671,128,18,13.376115398900657,0.5396232091160112,1,4.0,1045.7718752411113,27.616731724885334,101.80439015217159,18.351473849377797
813,16.23313406016334,128,17,19.920411458023718,1.054611845616115,0,,,,,
814,56.04209413086862,1024,31,43.47635907289708,1.48982408343592,0,,,,,
815,53.49481810310641,1024,14,14.318411414488486,1.9204242169469241,1,1.0,66.79136614874302,113.9394999333077,30.283205523335564,3.864508201808959
816,35.94190285630361,1024,10,8.202122832804477,0.5188474080662959,0,,,,,
817,39.56377178724646,1024,12,8.105341667576734,1.7837453670457557,0,,,,,
818,29.95013519350651,512,29,47.33530342263985,1.8751778169182314,1,2.0,1230.891808361954,28.646471085424224,113.4201696469667,17.680465650971264
819,12.738081941101566,512,19,27.811419708282557,1.8411990346109257,0,,,,,
820,26.759862082295047,256,8,23.423543231765827,1.3072872780376286,0,,,,,
821,50.14267242990057,1024,28,41.48953614535633,1.2966592434259445,0,,,,,
822,10.231601150230142,512,23,42.61216675597322,0.8661002030492633,0,,,,,
823,26.67495858455721,128,13,19.948596490202206,1.5295559763771969,0,,,,,
824,29.908434679547167,1024,21,36.21281258632079,1.1094586348667705,0,,,,,
825,36.86978014689615,256,6,39.700526713334895,1.3871323353337595,0,,,,,
826,55.992780820638025,256,16,34.459280908967955,0.9140700173127113,0,,,,,
827,27.317299718298063,256,14,11.821778366004471,1.4898432816819642,0,,,,,
828,27.347660094811385,128,20,44.41473875826757,1.6664958834486432,0,,,,,
829,46.87506240548742,512,25,29.25925487312039,0.3782288875453506,0,,,,,
830,32.61089704449036,128,16,17.711259186650167,1.6825664595910332,0,,,,,
831,21.2302411469991,1024,9,24.135268344696225,1.1265634104015838,0,,,,,
832,32.62197580663467,256,20,6.690699067950832,1.7048652272714262,1,4.0,633.5655955795787,75.5735665888055,45.462421658444406,8.796112627924366
833,17.042851018989992,128,30,10.75400605500879,0.9194732420479277,0,,,,,
834,18.819349325311165,128,16,39.44960377321374,0.8201769222277665,0,,,,,
835,34.91838863697399,512,22,5.000523563991476,1.8386153917827226,0,,,,,
836,30.946272475227396,512,24,23.745462281703148,0.5772216083419625,0,,,,,
837,55.742295053405,256,22,28.51295814885148,1.7040034180436718,1,2.0,1357.4643160891674,30.654928470832107,134.96313888820094,18.291717006637267
838,28.119694955831655,128,13,7.458548900043754,1.0196390877678678,0,,,,,
839,39.029417513902175,128,6,48.78851733375498,1.0767813408473934,1,4.0,74.08412239756112,67.751896471393,469.6641734649418,18.99495840780524
840,41.61321439597652,512,17,15.175639906235237,0.6860897348300197,0,,,,,
841,10.654722829416682,128,29,18.68894238363264,1.1887801811761298,1,4.0,282.1434702678296,83.65713994024125,172.41531501007734,14.404703079032402
842,43.17686860083553,128,22,18.67741305147623,0.7179012729248014,0,,,,,
843,18.90179834348757,128,8,15.368749795280745,0.17461188705913938,1,3.0,895.8372806848902,26.87621204431582,118.48768292598734,14.295204372075524
844,58.053515873472755,512,8,5.066321993884014,0.6167973501542765,0,,,,,
845,17.433136387655647,256,23,37.82051573395984,0.1121201824725223,0,,,,,
846,30.731206186351187,1024,20,48.50804749096784,1.9588740954080275,0,,,,,
847,14.267483403932193,256,24,15.093206747827027,1.9349196986575201,0,,,,,
848,59.843712592297365,1024,13,34.83712363115401,0.8507950651973796,1,1.0,842.627296403802,64.9018650105781,297.68895732656046,10.696823741048581
849,35.10975051656213,128,8,38.38533471314218,1.4839046232453272,0,,,,,
850,39.76925086600219,256,7,43.17914205907361,0.7570315869798074,0,,,,,
851,13.353823869421374,1024,9,24.01831386561241,1.3750769984633544,1,2.0,289.7315086927204,58.94187060486368,176.2621142739315,17.204183817243027
852,47.49802351995889,512,29,18.631890753819317,1.6303170817873602,0,,,,,
853,20.49527965477929,512,7,19.6382810310364,1.8988368649152574,1,2.0,694.8078555843108,13.169303461384242,59.006295065997705,19.347416893365814
854,54.90271447203569,256,10,37.06795998943308,0.8604033241143768,1,2.0,2158.3628158689426,99.10539903265983,301.1529679613873,16.176390605765025
855,20.25698202410036,256,10,41.755075992753625,1.5882661676164906,0,,,,,
856,19.534386033183328,128,21,13.17262854904712,0.6052640562010256,1,1.0,426.3239798565526,43.6034760739268,48.4955029215046,13.572924473864056
857,11.827483392404744,256,6,21.692345367099435,1.9816313772079317,0,,,,,
858,33.60334725549996,128,4,45.587308853711754,0.14896223765226718,0,,,,,
859,38.242056663130825,128,27,41.30120838626326,1.2467047323521299,0,,,,,
860,13.28543197141762,512,28,49.31862812431141,1.3530613651375214,0,,,,,
861,48.776380834750526,512,7,38.94117168569363,1.4072865584408447,1,3.0,766.4371520332242,71.07695271846615,178.64429337912878,13.315479228962726
862,32.66444173740138,1024,9,22.693784046256503,0.3287363996992691,1,2.0,1474.1411497662114,64.20018701731045,194.11976243457238,17.44098832692226
863,36.219513466379,512,12,31.5787025297587,1.8832065885989477,0,,,,,
864,32.038137346911405,512,25,34.745641441129415,0.4442482301951573,0,,,,,
865,30.0381530437663,256,17,8.530511734270577,1.283231466155698,1,1.0,995.7001408012821,64.02495802560085,53.67572745363692,12.200464018112072
866,37.982016565410895,512,31,29.50236315967393,0.5230845503338614,0,,,,,
867,17.762012296535627,1024,15,36.919437281267435,0.6837111923404147,0,,,,,
868,19.096406524763555,256,31,12.529458680047718,1.1382712292834363,0,,,,,
869,53.089281050675865,1024,28,40.12842728415007,0.8926674952726953,1,4.0,356.1589850226245,17.330575333976057,356.3214019106123,16.665618066229985
870,57.305773106681634,512,23,31.269775123135023,0.4044286418553619,0,,,,,
871,28.665465813987648,1024,27,47.84998035639176,0.42477916459961174,1,2.0,150.70511455829597,53.70043106367327,177.24984767052615,11.651049337962178
872,23.537233657177687,256,28,6.909003419310126,0.8944750975093193,1,2.0,577.2954484540014,57.02217730875557,47.41115332276388,4.06155267455671
873,42.19997716195079,128,7,16.939676189996014,1.5388376587234514,0,,,,,
874,30.43670855490482,1024,24,32.069924568492084,1.806132829010798,0,,,,,
875,11.269317783017243,1024,27,18.34519604926688,0.2598425582928274,1,3.0,165.84731100541805,89.36892664191157,48.98768664698655,9.527099151370638
876,17.80762986830952,256,15,37.1490873832059,0.846897424362862,0,,,,,
877,45.798611442369875,256,13,39.1552377134869,0.2904665710734656,1,2.0,603.1040683413531,101.60216567088032,279.7441239576212,10.555496280415479
878,42.94619709550757,1024,25,9.61321838299135,0.13152571320193598,1,2.0,1816.6284517243887,67.67296198150207,77.86968660278583,5.407493164772492
879,11.354799625174174,512,31,28.123450889304547,1.3572654970235176,0,,,,,
880,21.09860809664747,1024,10,27.900075001597514,1.2446539397365168,1,4.0,145.33252394060392,14.980039717473906,186.35707650525757,4.742437596216618
881,21.55373982940357,256,6,21.61763465969935,0.40973631624828377,1,1.0,757.1792101871448,32.23768911860282,89.27763199383453,12.102904144168221
882,43.59463717993642,128,26,46.981618815635244,0.5442443828768218,1,1.0,611.1081764904668,23.967413088064074,105.74347219920615,4.447441821453396
883,10.985526887718208,128,31,42.237784394294955,0.14504473192458492,0,,,,,
884,15.205429099228692,512,17,36.37442218593365,1.686399690819367,0,,,,,
885,49.99580426865947,1024,27,37.14469860807489,1.9519121324922477,0,,,,,
886,18.92723310271668,128,13,25.77722647159036,0.3573731199099125,0,,,,,
887,42.63730539259374,1024,19,46.44475344934592,0.5398029061540665,0,,,,,
888,21.909139052336325,256,19,36.256794226397844,1.7499780954991746,1,3.0,813.9708696673747,19.330732266749344,107.16025730452354,8.150067854131427
889,14.972069637967259,128,25,37.80414777451174,1.860281216116751,0,,,,,
890,22.158609549972706,512,13,43.776090670430534,0.8972920273329396,0,,,,,
891,46.11334659278296,256,28,17.333221520398595,0.19618269731124083,0,,,,,
892,52.784823405314285,512,16,41.318190674001634,0.17484448401635685,1,4.0,1847.0084699672343,47.07841934104787,288.3358465190422,15.65814859137229
893,51.51099322834958,256,9,13.785827133042142,1.1905047455311197,0,,,,,
894,29.85917648092274,128,15,20.540387851019954,0.8465007068970402,0,,,,,
895,43.40425682853231,512,12,20.102470442142923,0.15443961239754359,0,,,,,
896,20.24921477079105,512,16,49.03364607751133,1.2081795453938577,1,1.0,66.7411355090229,31.380252747753936,464.6115337576403,19.395347052655673
897,24.657386513050664,256,7,43.544175068656706,0.1214748195191427,0,,,,,
898,54.81679092605599,512,27,36.55264377156169,1.5960067204836186,0,,,,,
899,10.650096175536802,256,14,37.71755427269255,0.6822223631364059,1,4.0,289.72424869606436,30.104857858323914,137.75488927332398,15.203799869382784
900,14.275426542723404,256,23,30.293275748115697,0.17649020571754098,1,1.0,147.10539281690356,11.289715076270781,238.7173500315623,19.874634323698793
901,20.394312757301368,256,21,47.619080019883356,1.2178692198679912,1,4.0,855.9994172268789,7.032055151474896,425.31498015311973,14.871745511749845
902,11.326610193690986,256,29,27.33164387970627,0.8556003874228039,0,,,,,
903,19.071771754489866,128,14,22.123296944145252,1.950220785378584,0,,,,,
904,39.15207804848461,256,28,12.336590161921595,1.1339774587570342,1,3.0,1645.6759755939986,16.818347904724906,76.08045998909002,7.994506001123567
905,31.0712275296249,1024,24,40.37925435174761,0.6229544439703157,0,,,,,
906,54.63358555384874,512,7,38.04997694340162,1.447933842804552,1,2.0,1131.9743618609743,24.802710133717802,279.82433869367134,14.424893188591152
907,50.87217808692205,1024,21,22.29597673358607,0.6158348048311515,0,,,,,
908,27.0908675848938,128,4,6.133703628165321,1.8180622536743736,0,,,,,
909,22.971171671564623,1024,30,42.75487974731048,0.8119717439640152,0,,,,,
910,28.984620408363345,512,10,5.513809255433314,1.14475026927479,0,,,,,
911,39.514747125740385,1024,9,36.666490083307295,0.19608889726603485,0,,,,,
912,23.403182041143815,128,18,48.66156993767257,0.9096303521092385,0,,,,,
913,41.2074453924567,256,21,24.694759766669154,1.6814907253558904,1,3.0,912.3318555314914,54.56312881754336,210.40237914512443,14.936665008347365
914,30.470582609562022,1024,27,15.573803224817874,1.6307327301903496,0,,,,,
915,37.60235904259901,128,14,36.719195451952174,0.5262052618216999,0,,,,,
916,31.806326456765834,128,23,41.77076639070133,0.529550234920069,1,1.0,504.82620025018855,63.709830049367135,170.6503417241351,9.31935873847983
917,24.723287977095882,512,27,29.58936422350313,1.6528800932051497,0,,,,,
918,57.422665348107834,512,18,48.51658738652658,1.8677569983217184,0,,,,,
919,48.18028970798804,1024,19,7.325092474608249,0.28118575041870675,1,3.0,1674.2659784046405,21.16807058993704,32.04849110381317,3.301135460359613
920,17.005658788322627,256,10,27.715801923703765,0.955111414909828,0,,,,,
921,53.42339879489564,128,24,37.33042762951475,0.741163130032035,1,2.0,958.2039516240139,53.850084275281425,74.8482589717087,14.954396341183278
922,34.37155991247568,1024,13,43.81882120171306,1.7543080653691348,1,3.0,485.7458154725535,44.30111686748164,425.2508385812664,3.3689016196842076
923,54.72761134470457,128,29,13.066502535850551,0.25869733789203564,1,1.0,1169.5048613420145,26.093719002264944,122.04582660770005,13.730197327021209
924,49.992762797365764,128,15,41.000156679365666,0.5011392908602711,0,,,,,
925,31.26067522346167,256,27,29.871818407334537,1.5296898414143392,0,,,,,
926,11.12346541600587,256,17,22.844915689548344,0.1974583130643096,0,,,,,
927,23.433867969247302,1024,28,10.927176286059211,1.0358172233571497,0,,,,,
928,37.081710733043344,256,8,43.938309150901055,0.9400033658914679,1,1.0,217.35140613808346,5.786686037061808,356.6273122220382,5.781480308623436
929,41.673910991307366,256,29,12.077294368087191,0.7353622400786224,0,,,,,
930,22.894384271660115,1024,24,18.940453664409464,0.8496873991059551,0,,,,,
931,16.967803703641206,256,21,18.05204893830966,1.1068871151674426,1,3.0,623.2782055251389,58.707054650000295,47.523971480757346,12.615259971716737
932,51.74651183996495,512,8,44.213631538588444,0.4065979809379279,0,,,,,
933,59.22010903517761,128,6,35.27163473940041,1.1867921687388263,0,,,,,
934,36.28450911513429,128,26,40.85066287361175,1.6303214256699738,0,,,,,
935,18.583964292415175,128,29,16.271055445662455,1.544305766601302,1,2.0,70.48058735318824,83.84995116549793,90.79286553448384,11.5665214314702
936,23.61536632596845,128,8,33.119334482314954,0.39240981891817,0,,,,,
937,10.919533827373337,1024,27,30.72856924146869,0.3835739925088004,1,3.0,359.12976497328816,31.021893426537808,86.5050410193338,3.2297319192051037
938,55.71494032802495,128,20,42.4773669554722,0.6095312987153353,0,,,,,
939,15.887554144507057,128,22,45.77391772165672,0.7860419800479707,1,2.0,188.48109175123702,20.157785438118125,97.37769947366647,9.168718888916759
940,38.82582377571268,128,22,5.547054716482406,0.8760656046761169,1,4.0,479.1731272951379,107.00991561140061,38.43811442015403,13.218549845737147
941,23.7027610343603,128,28,35.33089635764567,1.391424711983356,0,,,,,
942,37.70890012578967,512,24,7.332610960387806,0.20769282111508727,0,,,,,
943,42.57101941759321,128,15,29.698639928481015,0.16587813802952614,0,,,,,
944,51.48709018536008,512,28,17.94347280696552,0.8446300695934271,1,2.0,1592.7504979382575,36.627848836096746,173.8118777540182,17.426311382279255
945,20.32106358803016,1024,12,18.804946978496353,1.424611015062163,0,,,,,
946,10.549791432924025,256,4,20.883132655356047,0.4675271516173169,0,,,,,
947,16.844281503440364,128,21,32.95816020723245,1.3188585143868783,0,,,,,
948,55.00093209240526,256,24,20.032248455094614,0.593673462086569,0,,,,,
949,53.694503878125765,256,7,37.97145727656262,1.783563606745681,0,,,,,
950,39.870655108515415,1024,13,23.203732350824136,1.8018108941065714,0,,,,,
951,40.02584302168267,256,28,8.075894013948139,0.6648456881345203,0,,,,,
952,43.25183372731277,512,10,40.26919291178483,0.536988132530157,1,4.0,2061.861424820897,30.71545127615645,371.40051869933865,18.106915935220794
953,18.76856393117248,256,25,17.85912460667177,0.8814775469258394,0,,,,,
954,55.72059729624799,256,26,24.474509581966817,0.5570100118422826,0,,,,,
955,30.938526244603654,256,4,35.84497474498557,1.377529302254237,1,3.0,1168.2857320904484,103.56614805514032,271.49121944842443,11.225449490564795
956,29.156926412474874,128,20,19.96052707169204,1.6695229006417425,1,2.0,362.5195198789723,98.96731640417755,55.353030114960475,15.383182284090449
957,35.94588526414188,128,27,7.546354526602203,1.3788750487313122,1,4.0,353.1520658186812,56.55984411033287,31.644221266963598,8.37972780106878
958,12.348298338752752,512,5,21.826447115576613,1.666265849773764,0,,,,,
959,18.31416843780397,512,31,47.50018622124365,0.8542851081942008,0,,,,,
960,46.90168082131852,128,29,33.87804787843512,0.3970022443468356,0,,,,,
961,14.139933396256323,512,14,35.216561690024314,1.502106800055425,1,4.0,595.9528321631144,61.26246906419407,160.60350311335353,8.817168897897176
962,40.15760547331941,128,12,33.45269691369379,0.7849015597689524,0,,,,,
963,22.267455484066048,1024,10,13.954646253174655,1.3754145679353518,0,,,,,
964,29.464780702098828,256,25,23.825023884602604,0.6142234897653548,0,,,,,
965,24.434686838534994,256,20,38.792290926349324,0.25433630613267805,0,,,,,
966,27.783635823247458,512,20,9.561780389892162,1.9859054114267503,0,,,,,
967,45.95229525921228,128,5,17.50337492403705,0.39678286506813865,0,,,,,
968,24.85608578115875,128,9,17.434359880963413,1.9779998885306138,0,,,,,
969,38.32023201484486,512,17,24.44085174175277,1.9568318718762499,0,,,,,
970,33.80252010995498,128,9,49.116593342398325,1.6082543974252752,1,4.0,754.0467310672304,30.041101055912527,398.09983504892887,6.305879826099334
971,43.18355826813241,1024,5,8.037614600771988,1.3529036279557953,1,1.0,335.8613612738553,14.004692105149111,67.66058693336394,12.553117869885067
972,56.8414869662379,256,4,28.341544747126775,1.1978333954770608,1,3.0,2360.717524883662,70.94465991590103,143.99910883114424,8.34759056576521
973,46.62860486051252,512,13,13.07141069054947,1.745592936217886,1,4.0,1837.5903558039458,16.30966598287451,69.84148810747463,4.434305239454586
974,20.747018929537838,512,24,48.68044454343848,0.6499350910770271,0,,,,,
975,11.559156753064233,128,8,10.09865771273589,0.9885943037212663,0,,,,,
976,23.113202214991254,512,5,23.162045106271606,1.2768409417963535,0,,,,,
977,39.75389653501274,1024,25,38.204824317557275,0.8812619041520331,0,,,,,
978,12.571290674212518,128,19,36.704949261235036,0.9122242627715091,0,,,,,
979,34.81831236006182,128,28,24.02278866022695,0.7275408682539604,0,,,,,
980,39.84214244584446,128,5,20.593587557872322,1.1720404517006184,0,,,,,
981,26.712194540848042,128,13,22.892557034879175,1.7160916032287203,0,,,,,
982,48.545610187291096,1024,5,16.892431842138766,0.4829039182119944,0,,,,,
983,15.32991265668859,128,19,14.239982241805992,1.8754227736315385,0,,,,,
984,13.756889086790437,512,19,26.736786390150048,1.4092665421216364,1,2.0,650.6691727223566,56.66657290001473,62.99380218476243,14.64510347327404
985,46.409437810180165,1024,22,17.08401902304233,1.6642191040920573,0,,,,,
986,34.77456581030992,256,10,17.935774920376254,1.1567623159970222,0,,,,,
987,44.420119821386805,256,25,34.55402285635507,1.5810817327057205,0,,,,,
988,31.74136693018731,512,15,48.584179926495146,0.1307807549449877,0,,,,,
989,22.32010166195534,512,27,32.16367402517188,1.6549228070811168,0,,,,,
990,50.955115883709986,1024,18,8.464076017923482,0.17626383226219638,0,,,,,
991,49.970793948448964,256,11,8.401262623433015,1.7908354150894388,0,,,,,
992,44.73482354272134,256,9,47.81404493805047,1.984729219753422,0,,,,,
993,23.607256861498136,256,31,18.378085563830012,0.6587281781358778,1,4.0,1036.2899175341647,113.15717782899624,79.26640593362013,15.031804529291769
994,39.51153334345435,256,30,9.143014373711395,0.49960525694300795,1,1.0,1624.3586133260442,114.5759547546172,51.29488364004724,9.119871119243983
995,28.04869484700134,256,13,31.95700642176717,1.5541903913302773,0,,,,,
996,14.579103666331708,128,6,33.06419502306198,0.5807500477484812,0,,,,,
997,55.86567877311214,512,22,34.18271690534097,1.7445685280271865,1,3.0,197.8265482817068,32.52321295294624,100.35582066917499,4.304297790752388
998,16.84093154594807,128,20,17.033091253589358,0.29540092509920574,0,,,,,
999,57.51186769104012,256,10,5.679980789651377,0.3393148731207807,0,,,,,
1000,32.30028864789779,1024,24,48.425691625451236,1.9603879546911696,0,,,,,
